accn,name,cq_g12,cq_eluate,hq_g12,hq_eluate,xq_g12,xq_eluate,pI_mean,mass_mean,net_charge_mean,net_charge_neg_mean,net_charge_pos_mean,charge_dens_C_m2_mean,charge_dens_neg_C_m2_mean,charge_dens_pos_C_m2_mean,cysteine_cont_percent_mean,cysteine_num_mean,desc_lower,perfect_match,contains_actin,contains_ubiquitin,desc_lower_2,Biophorum DTR,Biophorum high-risk,Levy 2014 - Association,Zhang 2016 - Pro A,Levy 2016 - Coelution,Molden 2021 - 29 DS,Falkenberg 2019 - 6 DS,Kreimer 2017 - 1 DS,Aboulaich 2014 - Association
NP_001231504.1,"actin, cytoplasmic 1 [Cricetulus griseus]",TRUE,TRUE,FALSE,TRUE,TRUE,TRUE,4.79345208911031,41737.2727000001,-10.8123658836596,-50.98481730289,40.1724514192304,-0.026186947355771,-0.123482384985892,0.0972954376301212,1.6,6,"actin, cytoplasmic 1",TRUE,TRUE,,actin cytoplasmic 1,actin cytoplasmic 1,,actin,actin cytoplasmic 1,actin,,,,actin cytoplasmic 1
XP_027278064.1,"actin, alpha cardiac muscle 1 [Cricetulus griseus]",FALSE,TRUE,FALSE,TRUE,FALSE,FALSE,4.80403795674993,42018.5174000001,-10.812591366525,-50.9850427857554,40.1724514192304,-0.0260705079853461,-0.122931304811386,0.0968607968260401,1.59151193633952,6,"actin, alpha cardiac muscle 1",TRUE,TRUE,,actin alpha cardiac muscle 1,,,actin,,actin,,,,actin alpha cardiac muscle 1
XP_027246103.1,clusterin [Cricetulus griseus],TRUE,TRUE,TRUE,TRUE,TRUE,TRUE,5.36198131754504,51757.1866000001,-10.0124117896158,-66.9679063765657,56.95549458695,-0.0210089871342014,-0.140518379890133,0.119509392755932,2.46085011185682,11,clusterin,TRUE,,,clusterin,clusterin,clusterin,clusterin,clusterin,clusterin,clusterin,,clusterin,clusterin
NP_001230968.1,elongation factor 2 [Cricetulus griseus],TRUE,TRUE,FALSE,TRUE,TRUE,TRUE,6.88192380702411,95323.0147000005,-0.959186701347468,-114.953041086829,113.993854385481,-0.001339527053279,-0.160534657305182,0.159195130251903,1.98135198135198,17,elongation factor 2,TRUE,,,elongation factor 2,elongation factor 2,,,elongation factor 2,,,,,elongation factor 2
NP_001231331.1,elongation factor 1-alpha 1 [Cricetulus griseus],TRUE,TRUE,TRUE,TRUE,TRUE,TRUE,9.74346179625984,50113.2484000001,13.4457140111277,-53.9814431167367,67.4271571278644,0.0288267502689385,-0.115732759048366,0.144559509317304,1.2987012987013,6,elongation factor 1-alpha 1,TRUE,,,elongation factor 1 alpha 1,elongation factor 1 alpha,,,elongation factor 1 alpha 1,,elongation factor 1 alpha 1,,,
NP_001233662.1,T-complex protein 1 subunit alpha [Cricetulus griseus],TRUE,TRUE,FALSE,TRUE,TRUE,TRUE,5.65364291097869,60337.8962000002,-6.06149156420149,-75.9665655728282,69.9050740086267,-0.0114824064447269,-0.143905006363252,0.132422599918525,1.61870503597122,9,t-complex protein 1 subunit alpha,TRUE,,,t complex protein 1 subunit alpha,,,,,,,,,t complex protein 1 subunit alpha
NP_001231783.1,glyceraldehyde-3-phosphate dehydrogenase [Cricetulus griseus],TRUE,TRUE,FALSE,TRUE,TRUE,TRUE,9.13435031373957,35747.5106000001,4.13041625162356,-34.9924955087612,39.1229117603847,0.011092007076445,-0.0939704340096679,0.105062441086113,1.2012012012012,4,glyceraldehyde-3-phosphate dehydrogenase,TRUE,,,glyceraldehyde 3 phosphate dehydrogenase,glyceraldehyde 3 phosphate dehydrogenase,,,,glyceraldehyde 3 phosphate dehydrogenase,,,,glyceraldehyde 3 phosphate dehydrogenase
NP_001233694.1,peroxiredoxin-1 [Cricetulus griseus],TRUE,TRUE,TRUE,TRUE,TRUE,TRUE,9.04978950359816,22262.3456,2.60651438146842,-23.9952051790563,26.6017195605247,0.0095982715231779,-0.0883603390798092,0.0979586106029872,2.51256281407035,5,peroxiredoxin-1,TRUE,,,peroxiredoxin 1,peroxiredoxin 1,peroxiredoxin,,peroxiredoxin 1,,peroxiredoxin 1,peroxiredoxin 1,peroxiredoxin 1,peroxiredoxin 1
NP_001233658.1,heat shock cognate 71 kDa protein [Cricetulus griseus],TRUE,TRUE,FALSE,TRUE,TRUE,TRUE,4.71152092213983,70804.0614000003,-13.5822575160291,-96.9601989339997,83.3779414179707,-0.0231266840127156,-0.165095373866261,0.141968689853546,0.619195046439629,4,heat shock cognate 71 kda protein,TRUE,,,heat shock cognate 71 kda protein,heat shock cognate 71 kda protein,,,heat shock cognate 71 kda protein,,,,,heat shock cognate 71 kda protein
XP_027248903.1,T-complex protein 1 subunit gamma [Cricetulus griseus],TRUE,TRUE,FALSE,TRUE,TRUE,TRUE,6.64791822376913,60619.3058000001,-1.79491678231295,-75.9630766269287,74.1681598446158,-0.0033896162420734,-0.143452710938893,0.14006309469682,1.8348623853211,10,t-complex protein 1 subunit gamma,TRUE,,,t complex protein 1 subunit gamma,,,,,,,,,t complex protein 1 subunit gamma
XP_027245386.1,transketolase [Cricetulus griseus],TRUE,TRUE,FALSE,TRUE,TRUE,TRUE,8.26821478284551,67715.8548000003,5.02142366492731,-70.9777501892723,75.9991738541997,0.0088080575011915,-0.124501764178739,0.133309821679931,2.08667736757624,13,transketolase,TRUE,,,transketolase,transketolase,,,,,,,,
XP_027248157.1,T-complex protein 1 subunit beta [Cricetulus griseus],TRUE,TRUE,FALSE,TRUE,TRUE,TRUE,6.45060382899928,57489.6538000001,-4.96232437004817,-73.9628030916774,69.0004787216292,-0.0097082035424651,-0.144699518499696,0.134991314957231,1.1214953271028,6,t-complex protein 1 subunit beta,TRUE,,,t complex protein 1 subunit beta,,,,,,,,,t complex protein 1 subunit beta
XP_027269616.1,T-complex protein 1 subunit zeta [Cricetulus griseus],TRUE,TRUE,FALSE,TRUE,TRUE,TRUE,6.94994080774452,57974.4961000001,-0.275359049364598,-72.9648510924404,72.6894920430758,-0.0005356998829856,-0.141950163913184,0.141414464030198,1.50659133709981,8,t-complex protein 1 subunit zeta,TRUE,,,t complex protein 1 subunit zeta,,,,,,,,,t complex protein 1 subunit zeta
XP_027248343.1,endoplasmin [Cricetulus griseus],TRUE,TRUE,FALSE,TRUE,TRUE,TRUE,4.20689054187587,92492.6760000005,-53.4920468833674,-171.91153178118,118.419484897813,-0.0762192211093426,-0.244951610856188,0.168732389746845,0.623441396508728,5,endoplasmin,TRUE,,,endoplasmin,endoplasmin,,,,,,endoplasmin,,
XP_027269956.1,putative phospholipase B-like 2 [Cricetulus griseus],TRUE,TRUE,TRUE,TRUE,TRUE,TRUE,6.19439249463623,65540.1006000002,-3.3472050183195,-53.9957645037307,50.6485594854112,-0.0060005505369917,-0.0967984667550518,0.09079791621806,1.1965811965812,7,putative phospholipase b-like 2,TRUE,,,putative phospholipase b like 2,phospholipase b like 2,phospholipase b like 2,,,,phospholipase b like,,putative phospholipase b like 2,putative phospholipase b like 2
XP_027243827.1,T-complex protein 1 subunit delta [Cricetulus griseus],TRUE,TRUE,FALSE,TRUE,TRUE,TRUE,9.15368720225047,58128.786,4.41164302264424,-63.970399971841,68.3820429944852,0.0085674789802652,-0.124231506108899,0.132798985089165,1.66975881261596,9,t-complex protein 1 subunit delta,TRUE,,,t complex protein 1 subunit delta,,,,,,,,,t complex protein 1 subunit delta
NP_001233654.1,phosphoglycerate kinase 1 [Cricetulus griseus],TRUE,TRUE,FALSE,TRUE,TRUE,TRUE,8.86499369503037,44562.0291,3.14302175950515,-50.9762823716168,54.119304131122,0.0072870363398263,-0.118187543878063,0.125474580217889,1.67865707434053,7,phosphoglycerate kinase 1,TRUE,,,phosphoglycerate kinase 1,phosphoglycerate kinase,,,phosphoglycerate kinase 1,,phosphoglycerate kinase 1,,,
XP_027249021.1,glucosylceramidase [Cricetulus griseus],TRUE,TRUE,FALSE,TRUE,TRUE,TRUE,8.95025215121585,57391.9183000001,5.69849141926212,-44.9971479886356,50.6956394078977,0.0111610809358193,-0.0881315375652933,0.0992926185011127,1.35922330097087,7,glucosylceramidase,TRUE,,,glucosylceramidase,,,,,,glucosylceramidase,,,
XP_027272044.1,procollagen C-endopeptidase enhancer 1 [Cricetulus griseus],TRUE,TRUE,TRUE,TRUE,TRUE,TRUE,9.05180619406267,50445.9103,3.6109320569386,-44.9885917167788,48.5995237737174,0.0077075353902109,-0.096028160415404,0.103735695805615,2.56410256410256,12,procollagen c-endopeptidase enhancer 1,TRUE,,,procollagen c endopeptidase enhancer 1,procollagen c endopeptidase enhancer,,,,procollagen c endopeptidase enhancer 1,procollagen c endopeptidase enhancer 1,,,
XP_027264402.1,cofilin-1 [Cricetulus griseus],TRUE,TRUE,TRUE,TRUE,TRUE,TRUE,8.96378457118735,18532.3089,2.08640700889098,-27.9895148281073,30.0759218369982,0.0086821282909878,-0.116472269075296,0.125154397366284,2.40963855421687,4,cofilin-1,TRUE,,,cofilin 1,cofilin 1,,,,,cofilin 1,,,cofilin 1
XP_027265955.1,40S ribosomal protein S15a [Cricetulus griseus],TRUE,TRUE,FALSE,TRUE,TRUE,TRUE,10.8904251544325,14839.3423,10.8709219488532,-12.9942004205865,23.8651223694397,0.052461027844019,-0.0627075710121406,0.11516859885616,1.53846153846154,2,40s ribosomal protein s15a,TRUE,,,40s ribosomal protein s15a,,,,,,,,,40s ribosomal protein s15a
NP_001233680.1,aldose reductase-related protein 2 [Cricetulus griseus],TRUE,TRUE,FALSE,TRUE,TRUE,TRUE,6.71576439192296,36339.3798000001,-1.55066027002459,-43.9827598942813,42.4320996242567,-0.0041188739875727,-0.116827295528336,0.112708421540763,1.58227848101266,5,aldose reductase-related protein 2,TRUE,,,aldose reductase related protein 2,,,,aldose reductase related protein 2,,,,,
XP_027255228.1,tubulointerstitial nephritis antigen-like [Cricetulus griseus],TRUE,TRUE,TRUE,TRUE,TRUE,TRUE,7.25721438153907,52519.9060000001,1.50007857816818,-52.9844143895451,54.4844929677132,0.003117058133387,-0.110097899016305,0.113214957149692,5.16129032258065,24,tubulointerstitial nephritis antigen-like,TRUE,,,tubulointerstitial nephritis antigen like,,,,,tubulointerstitial nephritis antigen like,,,,
NP_001233750.1,heat shock protein HSP 90-alpha [Cricetulus griseus],TRUE,TRUE,FALSE,TRUE,TRUE,TRUE,4.43025788259621,84847.9564000003,-37.7194675059741,-151.923934384788,114.204466878814,-0.0569269804337407,-0.229286663147351,0.172359682713611,0.954979536152797,7,heat shock protein hsp 90-alpha,TRUE,,,heat shock protein hsp 90 alpha,heat shock protein hsp 90 alpha,,heat shock protein,,,,,,
NP_001233673.1,glutathione S-transferase P 1 [Cricetulus griseus],TRUE,TRUE,FALSE,TRUE,TRUE,TRUE,8.28584772788397,23637.941,1.86612694461145,-24.9982245042505,26.864351448862,0.0066025992812688,-0.0884469621004949,0.0950495613817638,1.90476190476191,4,glutathione s-transferase p 1,TRUE,,,glutathione s transferase p 1,glutathione s transferase p 1,glutathione s transferase,,glutathione s transferase p,,glutathione s transferase p,,,glutathione s transferase p 1
XP_027259772.1,galectin-1 [Cricetulus griseus],TRUE,FALSE,TRUE,TRUE,TRUE,TRUE,5.46118376589719,14802.6462,-3.12609124307292,-17.9917975588645,14.8657063157916,-0.0151108512351406,-0.086968471239349,0.0718576200042083,4.44444444444444,6,galectin-1,TRUE,,,galectin 1,galectin 1,,,,,galectin 1,,,
NP_001230962.1,40S ribosomal protein SA [Cricetulus griseus],TRUE,TRUE,FALSE,TRUE,TRUE,TRUE,4.32584978222034,32880.7058000001,-12.1150711124922,-40.980143482432,28.8650723699397,-0.0343989669037859,-0.116357104822193,0.0819581379184066,0.677966101694915,2,40s ribosomal protein sa,TRUE,,,40s ribosomal protein sa,40s ribosomal protein sa,,,,,,,,40s ribosomal protein sa
XP_027268506.1,follistatin-related protein 1 [Cricetulus griseus],TRUE,TRUE,FALSE,TRUE,TRUE,TRUE,5.30686470315532,34635.7013,-7.80550052487515,-48.9759661551982,41.1704656303231,-0.0214074507266183,-0.134322018032624,0.112914567306005,6.5359477124183,20,follistatin-related protein 1,TRUE,,,follistatin related protein 1,follistatin related protein 1,,,,follistatin related protein 1,follistatin related protein 1,,,
XP_027255508.1,tissue alpha-L-fucosidase [Cricetulus griseus],TRUE,TRUE,FALSE,TRUE,TRUE,TRUE,6.48514752264571,53364.7853,-3.7759593387978,-48.9946997601369,45.2187404213391,-0.0077631441577506,-0.100730141157916,0.0929669970001654,0.865800865800866,4,tissue alpha-l-fucosidase,TRUE,,,tissue alpha l fucosidase,,,,,tissue alpha l fucosidase,,,,
XP_027268236.1,vitamin K-dependent protein S [Cricetulus griseus],TRUE,TRUE,FALSE,TRUE,TRUE,TRUE,5.1273056305678,74694.4934000002,-8.33486459064872,-83.9760118434085,75.6411472527598,-0.0136947153836743,-0.137977956179614,0.124283240795939,5.48148148148148,37,vitamin k-dependent protein s,TRUE,,,vitamin k dependent protein s,,,,,,vitamin k dependent protein s,,,
XP_027269013.1,stromal cell-derived factor 2-like protein 1 [Cricetulus griseus],TRUE,TRUE,FALSE,TRUE,TRUE,TRUE,7.25955062608192,23523.9247,1.49449648628601,-22.9905434520532,24.4850399383392,0.0053047944942398,-0.081606152602686,0.0869109470969259,1.81818181818182,4,stromal cell-derived factor 2-like protein 1,TRUE,,,stromal cell derived factor 2 like protein 1,,,,,,stromal cell derived factor 2 like protein 1,,,
XP_027246161.1,cathepsin B [Cricetulus griseus],TRUE,TRUE,FALSE,TRUE,FALSE,TRUE,6.09970783016076,37503.7655,-6.0333655223042,-37.992320763891,31.9589552415868,-0.0156924194141005,-0.0988157322373412,0.0831233128232407,4.71976401179941,16,cathepsin b,TRUE,,,cathepsin b,cathepsin b,cathepsin b,,,cathepsin b,cathepsin b,,,cathepsin b
XP_027261047.1,vimentin [Cricetulus griseus],TRUE,TRUE,FALSE,TRUE,TRUE,TRUE,4.53597431334015,53742.1314000001,-17.5708255361254,-84.9565831348992,67.3857575987739,-0.0359552595799922,-0.173847039421352,0.13789177984136,0.214592274678112,1,vimentin,TRUE,,,vimentin,vimentin,,vimentin,,,,,,vimentin
XP_027274741.1,transgelin-2 [Cricetulus griseus],TRUE,TRUE,FALSE,TRUE,FALSE,TRUE,9.48701054968378,22455.2935,3.08639958404641,-20.9927929094887,24.0791924935351,0.011300209992929,-0.0768607439689596,0.0881609539618887,1.50753768844221,3,transgelin-2,TRUE,,,transgelin 2,transgelin 2,,,,,,,,
XP_027280493.1,14-3-3 protein theta [Cricetulus griseus],TRUE,TRUE,FALSE,TRUE,TRUE,TRUE,4.12073841609507,27763.9374,-13.9056370650697,-44.9830307439234,31.0773936788537,-0.0441960753559222,-0.142968884287233,0.0987728089313109,2.04081632653061,5,14-3-3 protein theta,TRUE,,,14 3 3 protein theta,,,,,,14 3 3 protein theta,,,
XP_027243857.1,"malate dehydrogenase, cytoplasmic [Cricetulus griseus]",TRUE,TRUE,FALSE,TRUE,TRUE,TRUE,6.54574551835967,36465.692,-1.1227881858666,-43.983028058314,42.8602398724474,-0.0029754663801104,-0.116558067612691,0.113582601232581,0.898203592814371,3,"malate dehydrogenase, cytoplasmic",TRUE,,,malate dehydrogenase cytoplasmic,malate dehydrogenase cytoplasmic,,,,,,,,
XP_027280117.1,nucleoside diphosphate kinase B [Cricetulus griseus],TRUE,TRUE,FALSE,TRUE,FALSE,TRUE,8.44917183764841,17339.8933,1.87301575827045,-20.9918696374434,22.8648853957138,0.00814749314317,-0.0913132274398588,0.0994607205830289,1.31578947368421,2,nucleoside diphosphate kinase b,TRUE,,,nucleoside diphosphate kinase b,nucleoside diphosphate kinase b,,,,,,,,nucleoside diphosphate kinase b
XP_027260936.1,inter-alpha-trypsin inhibitor heavy chain H5 isoform X2 [Cricetulus griseus],TRUE,TRUE,FALSE,TRUE,FALSE,TRUE,9.04657592053136,106537.642400001,10.0818948526922,-111.959206429702,122.041101282394,0.0130733522191074,-0.145179270485687,0.158252622704794,0.840336134453782,8,inter-alpha-trypsin inhibitor heavy chain h5 isoform x2,TRUE,,,inter alpha trypsin inhibitor heavy chain h5 isoform x2,inter alpha trypsin inhibitor heavy chain h5 isoform x2,,,,inter alpha trypsin inhibitor heavy chain h5,inter alpha trypsin inhibitor heavy chain h5,,,
XP_027275654.1,cathepsin Z [Cricetulus griseus],TRUE,TRUE,FALSE,TRUE,TRUE,TRUE,8.27281365012006,34027.9239,2.91244908686505,-29.000167153113,31.912616239978,0.008082546771054,-0.080480448032732,0.088562994803786,3.92156862745098,12,cathepsin z,TRUE,,,cathepsin z,cathepsin z,cathepsin z,,,,,,,
XP_027288083.1,metalloproteinase inhibitor 1 [Cricetulus griseus],TRUE,FALSE,FALSE,TRUE,TRUE,TRUE,10.0624831516154,22400.763,7.86635707908722,-12.9990422636784,20.8653993427656,0.0288477515199366,-0.0476704956881085,0.0765182472080451,5.91133004926108,12,metalloproteinase inhibitor 1,TRUE,,,metalloproteinase inhibitor 1,metalloproteinase inhibitor 1,,metalloproteinase inhibitor 1,,metalloproteinase inhibitor 1,metalloproteinase inhibitor 1,,,metalloproteinase inhibitor 1
XP_027249198.1,protein S100-A10 [Cricetulus griseus],FALSE,TRUE,FALSE,TRUE,TRUE,TRUE,6.78256765606357,11247.0589,-0.390960947808387,-15.9945193226144,15.6035583748061,-0.0022696257604518,-0.0928521717684269,0.090582546007975,2.06185567010309,2,protein s100-a10,TRUE,,,protein s100 a10,,protein s100,,,,protein s100 a10,,,
XP_027264462.1,copper chaperone for superoxide dismutase [Cricetulus griseus],FALSE,TRUE,FALSE,TRUE,FALSE,TRUE,5.10394402135161,29280.5874,-7.80824566021171,-35.9832868145012,28.1750411542894,-0.0239522949772689,-0.110381043007455,0.0864287480301863,3.28467153284672,9,copper chaperone for superoxide dismutase,TRUE,,,copper chaperone for superoxide dismutase,,,,,,copper chaperone for superoxide dismutase,,,
NP_001230979.1,L-lactate dehydrogenase A chain [Cricetulus griseus],FALSE,TRUE,FALSE,TRUE,FALSE,TRUE,7.58737822944073,36518.9808,1.39871953558184,-37.9863301658884,39.3850497014702,0.0037030967697406,-0.100568450610143,0.104271547379884,1.50602409638554,5,l-lactate dehydrogenase a chain,TRUE,,,l lactate dehydrogenase a chain,l lactate dehydrogenase a chain,,,,,,,,l lactate dehydrogenase a chain
XP_027279240.1,lysosomal protective protein [Cricetulus griseus],FALSE,TRUE,FALSE,TRUE,FALSE,TRUE,5.77322502614681,56109.9962,-6.56781565101127,-54.0008531702716,47.4330375192604,-0.0130589316148824,-0.107371078326065,0.0943121467111824,2.02839756592292,10,lysosomal protective protein,TRUE,,,lysosomal protective protein,lysosomal protective protein,,lysosomal protective protein,,,,,,
XP_027275692.1,40S ribosomal protein S21 [Cricetulus griseus],FALSE,TRUE,FALSE,TRUE,FALSE,TRUE,9.59101161027687,9143.30669999999,2.08341133430009,-10.9976199735164,13.0810313078164,0.0138852280458315,-0.0732953972072764,0.087180625253108,3.6144578313253,3,40s ribosomal protein s21,TRUE,,,40s ribosomal protein s21,,,,,,,,,40s ribosomal protein s21
XP_027274154.1,eukaryotic translation initiation factor 2 subunit 1 [Cricetulus griseus],FALSE,TRUE,FALSE,TRUE,FALSE,TRUE,4.5360250108775,36156.8386000001,-11.3724854579006,-58.9727601523957,47.6002746944951,-0.0303092560067026,-0.157170610725125,0.126861354718422,1.58730158730159,5,eukaryotic translation initiation factor 2 subunit 1,TRUE,,,eukaryotic translation initiation factor 2 subunit 1,,,,,,,,,eukaryotic translation initiation factor 2 subunit 1
XP_027262348.1,annexin A1 [Cricetulus griseus],FALSE,TRUE,FALSE,TRUE,FALSE,TRUE,7.05389984506632,38861.0593,0.141254022689685,-53.9805198446914,54.1217738673811,0.0003587880098074,-0.137111587441265,0.137470375451072,1.44508670520231,5,annexin a1,TRUE,,,annexin a1,,,,,,annexin a1,,,
XP_027259923.1,alpha-N-acetylgalactosaminidase [Cricetulus griseus],FALSE,TRUE,FALSE,TRUE,TRUE,TRUE,8.75392746335479,47222.1115,3.39048887182627,-42.9957256984735,46.3862145702998,0.0075627354367512,-0.0959051365927447,0.103467872029496,2.16867469879518,9,alpha-n-acetylgalactosaminidase,TRUE,,,alpha n acetylgalactosaminidase,,,,,alpha n acetylgalactosaminidase,,,,
XP_027264418.1,barrier-to-autointegration factor [Cricetulus griseus],FALSE,TRUE,FALSE,TRUE,FALSE,TRUE,5.75615180365284,10058.4699,-0.912177058696571,-15.9922004722094,15.0800234135128,-0.0057047688403736,-0.10001545870188,0.0943106898615065,4.49438202247191,4,barrier-to-autointegration factor,TRUE,,,barrier to autointegration factor,,,,,,barrier to autointegration factor,,,
XP_027264700.1,cathepsin D [Cricetulus griseus],FALSE,TRUE,FALSE,TRUE,FALSE,FALSE,7.04857771997586,44110.3901,0.127111900317447,-37.9955628863414,38.1226747866588,0.0002967147471807,-0.0886922767078163,0.0889889914549971,1.96078431372549,8,cathepsin d,TRUE,,,cathepsin d,cathepsin d,cathepsin d,cathepsin d,,cathepsin d,cathepsin d,,,
XP_027270812.1,chondroitin sulfate proteoglycan 4 [Cricetulus griseus],FALSE,TRUE,FALSE,TRUE,FALSE,FALSE,5.33735285393974,252066.2392,-60.3916184089703,-252.890899012131,192.49928060316,-0.0441042458048686,-0.184687257365975,0.140583011561106,0.516573396470082,12,chondroitin sulfate proteoglycan 4,TRUE,,,chondroitin sulfate proteoglycan 4,chondroitin sulfate proteoglycan 4,,,,chondroitin sulfate proteoglycan 4,,chondroitin sulfate proteoglycan 4,,
XP_027247933.1,matrix metalloproteinase-19 [Cricetulus griseus],FALSE,TRUE,FALSE,TRUE,FALSE,TRUE,8.24825815007863,58941.2566000001,4.48648493208417,-54.9932655372368,59.479750469321,0.0086325706101596,-0.105814073828378,0.114446644438537,0.761904761904762,4,matrix metalloproteinase-19,TRUE,,,matrix metalloproteinase 19,matrix metalloproteinase 19,matrix metalloproteinase,,,,,,,matrix metalloproteinase 19
XP_027248528.1,"ATP synthase subunit beta, mitochondrial [Cricetulus griseus]",FALSE,FALSE,FALSE,TRUE,FALSE,TRUE,4.72557433023474,56369.8880000001,-13.5413235586597,-64.974568051946,51.4332444932863,-0.0268416898321994,-0.128792964371357,0.101951274539157,0,0,"atp synthase subunit beta, mitochondrial",TRUE,,,atp synthase subunit beta mitochondrial,,,atp synthase subunit beta mitochondrial,,,,,,
XP_027251265.1,glutathione S-transferase Mu 6 [Cricetulus griseus],FALSE,FALSE,FALSE,TRUE,FALSE,FALSE,6.94085054720964,25559.0531,-0.132309166430183,-31.9958696949144,31.8635605284843,-0.0004443654446461,-0.107459363908272,0.107014998463626,1.37614678899083,3,glutathione s-transferase mu 6,TRUE,,,glutathione s transferase mu 6,,glutathione s transferase,,,,glutathione s transferase mu 6,,,
XP_027265420.1,cathepsin L1 [Cricetulus griseus],FALSE,FALSE,FALSE,TRUE,FALSE,TRUE,7.30711023980351,37247.7952,1.17895204818151,-35.9915535817416,37.1705056299231,0.0030804153605138,-0.0940402407994166,0.0971206561599305,3.3033033033033,11,cathepsin l1,TRUE,,,cathepsin l1,cathepsin l,cathepsin l,,,,cathepsin l1,,,
XP_027242786.1,dihydropteridine reductase [Cricetulus griseus],FALSE,FALSE,FALSE,TRUE,FALSE,FALSE,8.45423679108849,25594.0219,1.87427881216281,-22.9898456628733,24.8641244750361,0.0062891027537851,-0.0771419389309683,0.0834310416847535,1.6597510373444,4,dihydropteridine reductase,TRUE,,,dihydropteridine reductase,,,,,,dihydropteridine reductase,,,
XP_027281226.1,"actin, cytoplasmic 2 isoform X2 [Cricetulus griseus]",FALSE,TRUE,TRUE,TRUE,FALSE,TRUE,4.93504589113172,41792.3943000001,-9.81117176197229,-49.9836231812026,40.1724514192304,-0.0237412125734412,-0.120951080250701,0.0972098676772593,1.6,6,"actin, cytoplasmic 2 isoform x2",,TRUE,,actin cytoplasmic 2 isoform x2,,,actin,,actin,,,,
XP_027274198.1,alpha-actinin-1 isoform X6 [Cricetulus griseus],FALSE,TRUE,FALSE,TRUE,FALSE,TRUE,4.80227921178184,105445.209600001,-31.3205352522776,-149.935255101562,118.614719849285,-0.0408938618281307,-0.195763947068655,0.154870085240524,1.3129102844639,12,alpha-actinin-1 isoform x6,,TRUE,,alpha actinin 1 isoform x6,,,actin,,actin,,,,
XP_027257023.1,beta-actin-like protein 2 isoform X1 [Cricetulus griseus],FALSE,FALSE,FALSE,FALSE,FALSE,TRUE,4.78085216985609,41922.5835000001,-10.0758323953909,-49.9866398207876,39.9108074253967,-0.0243311383752743,-0.120707828660482,0.0963766902852076,1.59574468085106,6,beta-actin-like protein 2 isoform x1,,TRUE,,beta actin like protein 2 isoform x1,,,actin,,actin,,,,
XP_027288228.1,ubiquitin-like protein 4A isoform X4 [Cricetulus griseus],FALSE,FALSE,FALSE,FALSE,FALSE,TRUE,9.35172442292542,17908.4465,2.87593300518583,-22.988922390828,25.8648553960138,0.0122439160143,-0.0978723894141517,0.110116305428452,0.636942675159236,1,ubiquitin-like protein 4a isoform x4,,,TRUE,ubiquitin like protein 4a isoform x4,,,,,,ubiquitin,,ubiquitin,
NP_001233668.1,endoplasmic reticulum chaperone BiP precursor [Cricetulus griseus],TRUE,TRUE,TRUE,TRUE,TRUE,TRUE,4.53152839403677,72378.1518000003,-20.5680548003154,-111.943940430079,91.3758856297634,-0.0345118638340343,-0.187834681824597,0.153322817990563,0.458715596330275,3,endoplasmic reticulum chaperone bip precursor,,,,endoplasmic reticulum chaperone bip precursor,,,,,,endoplasmic reticulum chaperone bip,,,
XP_027260200.1,serine protease HTRA1 isoform X2 [Cricetulus griseus],TRUE,TRUE,TRUE,TRUE,TRUE,TRUE,9.15727515861746,51272.382,4.40790027221575,-55.9759515368508,60.3838518090666,0.0093072836597997,-0.118193250052544,0.127500533712344,3.33333333333333,16,serine protease htra1 isoform x2,,,,serine protease htra1 isoform x2,serine protease,serine protease,,serine protease htra1,,serine protease htra1,,,serine protease htra1
XP_027270674.1,pyruvate kinase PKM isoform X2 [Cricetulus griseus],TRUE,TRUE,TRUE,TRUE,TRUE,TRUE,7.42707565731219,57893.1546000001,1.98385897619616,-67.9700237702984,69.9538827464945,0.0038631316313287,-0.13235676122134,0.136219892852668,1.88323917137476,10,pyruvate kinase pkm isoform x2,,,,pyruvate kinase pkm isoform x2,pyruvate kinase,pyruvate kinase,,pyruvate kinase,,,,,
XP_027268152.1,T-complex protein 1 subunit theta isoform X2 [Cricetulus griseus],TRUE,TRUE,FALSE,TRUE,TRUE,TRUE,5.08775744904402,59557.8472000001,-10.5410594832659,-73.9694914788599,63.428431995594,-0.0201421173937191,-0.14134273535655,0.121200617962831,1.82481751824818,10,t-complex protein 1 subunit theta isoform x2,,,,t complex protein 1 subunit theta isoform x2,,,,,,,,,t complex protein 1 subunit theta
XP_027243210.1,heat shock protein HSP 90-beta isoform X11 [Cricetulus griseus],TRUE,TRUE,FALSE,TRUE,TRUE,TRUE,4.44127409040635,83266.2108000003,-36.7199532276401,-147.925438000658,111.205484773018,-0.0561181188456668,-0.226070476140194,0.169952357294527,0.828729281767956,6,heat shock protein hsp 90-beta isoform x11,,,,heat shock protein hsp 90 beta isoform x11,heat shock protein hsp 90 beta,,heat shock protein,,,,,,
XP_027244682.1,lipoprotein lipase isoform X2 [Cricetulus griseus],TRUE,TRUE,TRUE,TRUE,TRUE,TRUE,8.67637998866931,52944.5067,5.75402296027107,-54.9853857139763,60.7394086742474,0.0118924455758536,-0.113644090679815,0.125536536255669,2.10970464135021,10,lipoprotein lipase isoform x2,,,,lipoprotein lipase isoform x2,lipoprotein lipase,lipoprotein lipase,lipoprotein lipase,,lipoprotein lipase,lipoprotein lipase,,,
XP_027254100.1,alpha-enolase isoform X2 [Cricetulus griseus],TRUE,TRUE,FALSE,TRUE,TRUE,TRUE,6.28925247735082,47152.3089000001,-2.59450289447094,-57.9769228612821,55.3824199668111,-0.0057929400844382,-0.129449399008665,0.123656458924227,1.38248847926267,6,alpha-enolase isoform x2,,,,alpha enolase isoform x2,alpha enolase,alpha enolase,alpha enolase,,,,,,alpha enolase
XP_027282087.1,retinoid-inducible serine carboxypeptidase [Cricetulus griseus],TRUE,TRUE,FALSE,TRUE,TRUE,TRUE,5.06095539871725,51253.204,-8.07975173590276,-50.9880594253403,42.9083076894376,-0.0170646554123301,-0.107688168235485,0.0906235128231547,1.31868131868132,6,retinoid-inducible serine carboxypeptidase,,,,retinoid inducible serine carboxypeptidase,,,,,,carboxypeptidase,,,
XP_027279242.1,phospholipid transfer protein isoform X2 [Cricetulus griseus],TRUE,FALSE,FALSE,FALSE,FALSE,FALSE,6.15577899885337,49224.7021,-2.12046946029144,-43.9839299897757,41.8634605294842,-0.0046006953625901,-0.0954301236220761,0.090829428259486,0.888888888888889,4,phospholipid transfer protein isoform x2,,,,phospholipid transfer protein isoform x2,phospholipid transfer protein,,,,,,,,
XP_027284552.1,T-complex protein 1 subunit eta isoform X2 [Cricetulus griseus],TRUE,TRUE,FALSE,TRUE,TRUE,TRUE,7.65418067040336,59468.2499000001,1.93316071271671,-67.9714193486581,69.9045800613748,0.0036976406976749,-0.130011894411576,0.13370953510925,1.65745856353591,9,t-complex protein 1 subunit eta isoform x2,,,,t complex protein 1 subunit eta isoform x2,,,,,,,,,t complex protein 1 subunit eta
XP_027262178.1,lysosomal acid lipase/cholesteryl ester hydrolase [Cricetulus griseus],TRUE,TRUE,FALSE,TRUE,TRUE,TRUE,7.9057393204702,45634.7643,4.79325730394187,-35.9971358951806,40.7903931991225,0.0109382300832394,-0.0821455911484899,0.0930838212317293,1.25944584382872,5,lysosomal acid lipase/cholesteryl ester hydrolase,,,,lysosomal acid lipase/cholesteryl ester hydrolase,lysosomal acid lipase,lysosomal acid lipase,,,,lipase,,lysosomal acid lipase,
NP_001233622.2,protein disulfide-isomerase precursor [Cricetulus griseus],TRUE,TRUE,FALSE,TRUE,TRUE,TRUE,4.21121875312037,57113.8575000001,-31.5275594820311,-97.953738715292,66.4261792332608,-0.0619502234997316,-0.192474650932153,0.130524427432422,1.37524557956778,7,protein disulfide-isomerase precursor,,,,protein disulfide isomerase precursor,protein disulfide isomerase,protein disulfide isomerase,,,,,,protein disulfide isomeras,
XP_027282527.1,14-3-3 protein epsilon isoform X2 [Cricetulus griseus],TRUE,TRUE,FALSE,TRUE,TRUE,TRUE,4.06484949152788,29173.5752,-18.3790478641231,-51.9804504517219,33.6014025875988,-0.0565166951724992,-0.159843061230818,0.103326366058319,1.17647058823529,3,14-3-3 protein epsilon isoform x2,,,,14 3 3 protein epsilon isoform x2,,,,,,,,,14 3 3 protein epsilon
XP_027270017.1,60S acidic ribosomal protein P0 isoform X1 [Cricetulus griseus],TRUE,TRUE,FALSE,TRUE,TRUE,TRUE,6.14052255041375,34230.0369000001,-2.12136764739578,-35.9844142288282,33.8630465814324,-0.0058639629262651,-0.0994694489756441,0.093605486049379,0.946372239747634,3,60s acidic ribosomal protein p0 isoform x1,,,,60s acidic ribosomal protein p0 isoform x1,60s acidic ribosomal protein p0,,,,,,,,60s acidic ribosomal protein p0
XP_027265239.1,nidogen-1 isoform X3 [Cricetulus griseus],TRUE,TRUE,FALSE,TRUE,TRUE,TRUE,4.61669446695903,136708.0636,-45.6759578092042,-146.9647704096,101.288812600396,-0.0501577940818653,-0.161385311771348,0.111227517689482,3.93258426966292,49,nidogen-1 isoform x3,,,,nidogen 1 isoform x3,nidogen 1,,nidogen 1,,nidogen 1,,,,nidogen 1
XP_027259957.1,plectin isoform X10 [Cricetulus griseus],TRUE,TRUE,FALSE,FALSE,TRUE,TRUE,5.18364558145978,513767.634200001,-85.6583605449501,-775.526724221927,689.868363676976,-0.0389139619425216,-0.352316075626312,0.31340211368379,0.709219858156028,32,plectin isoform x10,,,,plectin isoform x10,,,,,,,plectin,,
NP_001233709.1,peroxiredoxin-2 [Cricetulus griseus],TRUE,TRUE,FALSE,TRUE,TRUE,TRUE,5.02685300431704,21812.4509,-4.86664435047116,-26.9934307135446,22.1267863630734,-0.0181665929251899,-0.100763201933958,0.0825966090087684,1.51515151515152,3,peroxiredoxin-2,,,,peroxiredoxin 2,,peroxiredoxin,,,,,,,
XP_027284060.1,triosephosphate isomerase isoform X2 [Cricetulus griseus],TRUE,TRUE,FALSE,TRUE,TRUE,TRUE,6.54048265789874,26676.2444,-1.12307570185891,-30.9856683356395,29.8625926337806,-0.0036658336970956,-0.101140383434353,0.0974745497372577,2.81124497991968,7,triosephosphate isomerase isoform x2,,,,triosephosphate isomerase isoform x2,triosephosphate isomerase,,,,,,,,triosephosphate isomerase
XP_027251264.1,glutathione S-transferase Mu 3 [Cricetulus griseus],TRUE,TRUE,FALSE,TRUE,TRUE,TRUE,6.78837726820455,26966.9748,-0.39033722987346,-32.9915028437463,32.6011656138729,-0.001264926649512,-0.106912249103257,0.105647322453745,3.9647577092511,9,glutathione s-transferase mu 3,,,,glutathione s transferase mu 3,,glutathione s transferase,,,,glutathione s transferase,,,
XP_027273039.1,peroxiredoxin-6 isoform X2 [Cricetulus griseus],TRUE,TRUE,FALSE,TRUE,TRUE,TRUE,6.78701874850041,25004.5786,-0.388478000273538,-31.9896536140464,31.6011756137729,-0.0013239357896397,-0.109020967179589,0.10769703138995,0.446428571428571,1,peroxiredoxin-6 isoform x2,,,,peroxiredoxin 6 isoform x2,,peroxiredoxin,,,,,,,
XP_027246972.1,acid ceramidase isoform X2 [Cricetulus griseus],TRUE,FALSE,FALSE,TRUE,TRUE,FALSE,9.60123468524748,50295.5735,7.87377419885255,-42.9873735688985,50.8611477677511,0.0168400469996198,-0.091939313092819,0.108779360092439,2,9,acid ceramidase isoform x2,,,,acid ceramidase isoform x2,,,,,,acid ceramidase,,,
XP_027259718.1,myosin-9 isoform X2 [Cricetulus griseus],TRUE,TRUE,FALSE,TRUE,FALSE,TRUE,5.15948013279713,226673.776900001,-38.1438270048804,-376.767368649269,338.623541644388,-0.0298999362895277,-0.295337966930921,0.265438030641393,1.07142857142857,21,myosin-9 isoform x2,,,,myosin 9 isoform x2,myosin 9,,,,,,,,
XP_027249274.1,semaphorin-3C isoform X2 [Cricetulus griseus],TRUE,TRUE,FALSE,TRUE,TRUE,TRUE,9.81305311112932,86157.0669000004,23.1114261299735,-79.9826254664028,103.094051596376,0.0345260048886437,-0.11948550912997,0.154011514018614,3.03030303030303,23,semaphorin-3c isoform x2,,,,semaphorin 3c isoform x2,,,,,semaphorin 3c,,,,
XP_027271994.1,heat shock protein beta-1 isoform X2 [Cricetulus griseus],TRUE,TRUE,FALSE,TRUE,TRUE,TRUE,6.70200164402017,23418.997,-0.857986598318969,-25.9859778298219,25.1279912315029,-0.0030545588479937,-0.0925139141559676,0.0894593553079738,0.469483568075117,1,heat shock protein beta-1 isoform x2,,,,heat shock protein beta 1 isoform x2,,,heat shock protein,,,,,,
XP_027288992.1,renin receptor isoform X6 [Cricetulus griseus],TRUE,TRUE,FALSE,TRUE,FALSE,TRUE,5.79244371331255,38067.0320000001,-5.80991763223198,-40.983406945466,35.173489313234,-0.0149618105109222,-0.105541249915192,0.09057943940427,0.290697674418605,1,renin receptor isoform x6,,,,renin receptor isoform x6,,,renin receptor,,,,,,
XP_027253977.1,"procollagen-lysine,2-oxoglutarate 5-dioxygenase 1 isoform X3 [Cricetulus griseus]",TRUE,TRUE,FALSE,TRUE,TRUE,TRUE,6.61892124222836,83787.4098000003,-5.35779939860209,-95.977244770353,90.6194453717509,-0.0081541893511622,-0.146070535500919,0.137916346149756,1.37551581843191,10,"procollagen-lysine,2-oxoglutarate 5-dioxygenase 1 isoform x3",,,,procollagen lysine2 oxoglutarate 5 dioxygenase 1 isoform x3,,,,,procollagen lysine2 oxoglutarate 5 dioxygenase 1,,,,
XP_027269644.1,GTP-binding nuclear protein Ran isoform X2 [Cricetulus griseus],TRUE,TRUE,FALSE,TRUE,TRUE,TRUE,7.58901073489181,24422.8032,1.39367074974,-27.9934547397375,29.3871254894775,0.0048247709229484,-0.0969109859601754,0.101735756883124,1.38888888888889,3,gtp-binding nuclear protein ran isoform x2,,,,gtp binding nuclear protein ran isoform x2,gtp binding nuclear protein,,,,,,,,gtp binding nuclear protein ran
XP_027248125.1,cullin-associated NEDD8-dissociated protein 1 isoform X2 [Cricetulus griseus],TRUE,TRUE,FALSE,TRUE,TRUE,TRUE,5.27781329398591,136373.123400001,-20.8598676868591,-156.94543915688,136.085571470021,-0.0229441801537819,-0.17262738596364,0.149683205809858,2.4390243902439,30,cullin-associated nedd8-dissociated protein 1 isoform x2,,,,cullin associated nedd8 dissociated protein 1 isoform x2,,,,,,,,,cullin associated nedd8 dissociated protein 1
XP_027277166.1,eukaryotic translation initiation factor 6 isoform X2 [Cricetulus griseus],TRUE,TRUE,FALSE,TRUE,TRUE,TRUE,4.25594364401273,24671.7484,-10.5988331998275,-27.9892893452419,17.3904561454144,-0.0364450283177397,-0.0962436547069494,0.0597986263892097,2.7027027027027,6,eukaryotic translation initiation factor 6 isoform x2,,,,eukaryotic translation initiation factor 6 isoform x2,,,,,,eukaryotic translation initiation factor 6,,,
XP_027279575.1,60S ribosomal protein L12 isoform X2 [Cricetulus griseus],TRUE,TRUE,FALSE,TRUE,TRUE,TRUE,10.3084669863501,17789.3806,7.87250837304406,-18.991596102192,26.8641044752361,0.0336655798853602,-0.0812146606179625,0.114880240503323,1.81818181818182,3,60s ribosomal protein l12 isoform x2,,,,60s ribosomal protein l12 isoform x2,,,,,,,,,60s ribosomal protein l12
XP_027263987.1,lactadherin isoform X7 [Cricetulus griseus],TRUE,FALSE,FALSE,TRUE,TRUE,TRUE,9.18971937600462,47085.9674,5.91270661743337,-35.9975868609115,41.9102934783449,0.0132141384090336,-0.0804499742586212,0.0936641126676548,4.91803278688525,21,lactadherin isoform x7,,,,lactadherin isoform x7,lactadherin,,,,lactadherin,,,,lactadherin
XP_027243958.1,peptidyl-prolyl cis-trans isomerase A isoform X2 [Cricetulus griseus],TRUE,TRUE,FALSE,TRUE,TRUE,TRUE,9.33249855347748,17899.0758,2.87422241529024,-18.9904260066977,21.8646484219879,0.0122409038529399,-0.0808775193032103,0.0931184231561503,1.82926829268293,3,peptidyl-prolyl cis-trans isomerase a isoform x2,,,,peptidyl prolyl cis trans isomerase a isoform x2,peptidyl prolyl cis trans isomerase a,peptidyl prolyl cis trans isomerase a,,peptidyl prolyl cis trans isomerase,,peptidyl prolyl cis trans isomerase,,,peptidyl prolyl cis trans isomerase a
NP_001233703.1,protein disulfide-isomerase A3 precursor [Cricetulus griseus],TRUE,TRUE,FALSE,TRUE,TRUE,TRUE,6.28833586506349,56795.7327,-3.80790200936366,-77.9726042232167,74.1647022138531,-0.0075102687652952,-0.153784213093291,0.146273944327996,1.58415841584158,8,protein disulfide-isomerase a3 precursor,,,,protein disulfide isomerase a3 precursor,protein disulfide isomerase,protein disulfide isomerase,,,,,,protein disulfide isomeras,
XP_027254080.1,calsyntenin-1 isoform X5 [Cricetulus griseus],TRUE,TRUE,FALSE,TRUE,TRUE,TRUE,4.34265409562487,105974.291500001,-61.163764697866,-157.923648916799,96.7598842189327,-0.0795928484246196,-0.205507184081757,0.125914335657137,2.3109243697479,22,calsyntenin-1 isoform x5,,,,calsyntenin 1 isoform x5,,,,,calsyntenin 1,,,,
XP_027265953.1,nucleobindin-2 isoform X2 [Cricetulus griseus],TRUE,TRUE,FALSE,TRUE,FALSE,TRUE,4.57042100251958,50287.8544000001,-28.1587626553946,-97.9449142794025,69.7861516240079,-0.0602307608466483,-0.209501276043392,0.149270515196743,0.476190476190476,2,nucleobindin-2 isoform x2,,,,nucleobindin 2 isoform x2,nucleobindin 2,,,,nucleobindin 2,,,,
XP_027282301.1,C-C motif chemokine 2 [Cricetulus griseus],TRUE,TRUE,FALSE,TRUE,TRUE,TRUE,10.2508502627896,15858.1841,8.08113752769492,-11.9980949654402,20.0792324931351,0.0373092953860044,-0.0553932497251565,0.092702545111161,4.1958041958042,6,c-c motif chemokine 2,,,,c c motif chemokine 2,c c motif chemokine,,,,,c c motif chemokine,,,
XP_027254719.1,40S ribosomal protein S20 isoform X2 [Cricetulus griseus],TRUE,TRUE,FALSE,TRUE,FALSE,TRUE,10.7243744428963,13372.5619,9.61194658717168,-14.9907808676566,24.6027274548283,0.0497181687168759,-0.0775403988793053,0.127258567596181,1.68067226890756,2,40s ribosomal protein s20 isoform x2,,,,40s ribosomal protein s20 isoform x2,,,,,,40s ribosomal protein s20,,,40s ribosomal protein s20
XP_027288631.1,alpha-galactosidase A isoform X4 [Cricetulus griseus],TRUE,FALSE,FALSE,FALSE,FALSE,TRUE,4.36666707621937,39764.7589,-9.1367119870693,-41.0005194891795,31.8638075021102,-0.0228544733940927,-0.102558259813331,0.0797037864192386,2.84900284900285,10,alpha-galactosidase a isoform x4,,,,alpha galactosidase a isoform x4,,,,,alpha galactosidase a,,,,
XP_027255561.1,basement membrane-specific heparan sulfate proteoglycan core protein isoform X2 [Cricetulus griseus],TRUE,TRUE,FALSE,TRUE,FALSE,FALSE,6.63542433653011,469255.663900009,-33.0167235301397,-406.858192415071,373.841468884932,-0.0159333762077398,-0.196343669202446,0.180410292994706,4.28636570907433,188,basement membrane-specific heparan sulfate proteoglycan core protein isoform x2,,,,basement membrane specific heparan sulfate proteoglycan core protein isoform x2,,,,,basement membrane specific heparan sulfate proteoglycan core protein,,,,
XP_027279241.1,phospholipid transfer protein isoform X1 [Cricetulus griseus],FALSE,TRUE,FALSE,TRUE,TRUE,TRUE,6.66524054074619,54373.6167000001,-1.33399685490678,-46.9828533134439,45.6488564585371,-0.0027085873404973,-0.0953953986001951,0.0926868112596977,0.811359026369168,4,phospholipid transfer protein isoform x1,,,,phospholipid transfer protein isoform x1,phospholipid transfer protein,,,,,,,,
XP_027264738.1,60S acidic ribosomal protein P2 isoform X2 [Cricetulus griseus],FALSE,TRUE,FALSE,TRUE,FALSE,TRUE,3.77161051150191,11609.7164,-9.17261395363288,-21.9905194258602,12.8179054722273,-0.0521345418474674,-0.124987889063072,0.0728533472156047,0,0,60s acidic ribosomal protein p2 isoform x2,,,,60s acidic ribosomal protein p2 isoform x2,,,,,,,,,60s acidic ribosomal protein p2
XP_027280477.1,protein disulfide-isomerase A6 isoform X2 [Cricetulus griseus],FALSE,TRUE,FALSE,TRUE,FALSE,TRUE,4.49389289189425,48689.4898,-12.8535273406214,-65.9753112079025,53.1217838672811,-0.0280917651745596,-0.144190999144153,0.116099233969594,1.57303370786517,7,protein disulfide-isomerase a6 isoform x2,,,,protein disulfide isomerase a6 isoform x2,protein disulfide isomerase,protein disulfide isomerase,,,,,,protein disulfide isomeras,protein disulfide isomerase a6
XP_027249169.1,protein S100-A6 isoform X1 [Cricetulus griseus],FALSE,TRUE,FALSE,TRUE,FALSE,TRUE,4.88065224876072,10050.4993,-2.6523596091535,-15.9940470163,13.3416874071465,-0.0165966652130581,-0.100079884648885,0.0834832194358265,1.12359550561798,1,protein s100-a6 isoform x1,,,,protein s100 a6 isoform x1,protein s100 a6,protein s100,,,,protein s100 a6,,,protein s100 a6
XP_027252702.1,"60 kDa heat shock protein, mitochondrial [Cricetulus griseus]",FALSE,TRUE,FALSE,TRUE,FALSE,TRUE,5.55400233076118,60987.8495000001,-3.36745346882997,-80.959525010296,77.592071541466,-0.0063336332178653,-0.152271721540958,0.145938088323093,0.523560209424084,3,"60 kda heat shock protein, mitochondrial",,,,60 kda heat shock protein mitochondrial,,,heat shock protein,,,,,,
XP_027263120.1,phosphoglycerate mutase 1 isoform X2 [Cricetulus griseus],FALSE,TRUE,FALSE,TRUE,FALSE,TRUE,7.20617873302986,28817.6096,0.66427271985049,-36.9846637378866,37.6489364577371,0.0020594660379046,-0.114664740272106,0.11672420631001,0.78740157480315,2,phosphoglycerate mutase 1 isoform x2,,,,phosphoglycerate mutase 1 isoform x2,phosphoglycerate mutase 1,,,,,,,,phosphoglycerate mutase 1
XP_027286240.1,flavin reductase (NADPH) isoform X2 [Cricetulus griseus],FALSE,TRUE,FALSE,TRUE,FALSE,TRUE,7.68411226827251,22166.1051,1.91686281408832,-21.9960803987156,23.912943212804,0.0070791040098479,-0.0812330125072328,0.0883121165170807,0.970873786407767,2,flavin reductase (nadph) isoform x2,,,,flavin reductase (nadph) isoform x2,,,,,,flavin reductase,,,
XP_027284320.1,protein disulfide-isomerase A4 [Cricetulus griseus],FALSE,TRUE,FALSE,TRUE,FALSE,FALSE,4.49741146319617,72585.2101000004,-24.2772122509955,-113.961347849627,89.6841355986317,-0.0406580840526382,-0.190855935669965,0.150197851617327,0.934579439252336,6,protein disulfide-isomerase a4,,,,protein disulfide isomerase a4,protein disulfide isomerase,protein disulfide isomerase,,,,,,protein disulfide isomeras,
XP_027253470.1,septin-2 isoform X2 [Cricetulus griseus],FALSE,TRUE,FALSE,FALSE,FALSE,TRUE,6.11611160457222,37076.0129000001,-6.01605843527239,-54.9733618368038,48.9573034015313,-0.0157675257589766,-0.144080033155479,0.128312507396502,1.24610591900312,4,septin-2 isoform x2,,,,septin 2 isoform x2,,,,,,,,,septin 2
XP_027272779.1,laminin subunit beta-1 isoform X3 [Cricetulus griseus],FALSE,TRUE,FALSE,TRUE,FALSE,TRUE,4.19808273013674,185852.9894,-88.4581901708005,-259.898721535877,171.440531365076,-0.0791538180882006,-0.232561576108273,0.153407758020072,7.16824644549763,121,laminin subunit beta-1 isoform x3,,,,laminin subunit beta 1 isoform x3,laminin subunit beta 1,,,,laminin subunit beta 1,,,,
XP_027260430.1,fructose-bisphosphate aldolase A isoform X2 [Cricetulus griseus],FALSE,TRUE,FALSE,TRUE,FALSE,TRUE,9.07192572219467,39381.4981,4.92131003038096,-38.9874816064084,43.9087916367894,0.0123898511715791,-0.0981545750371442,0.110544426208723,2.1978021978022,8,fructose-bisphosphate aldolase a isoform x2,,,,fructose bisphosphate aldolase a isoform x2,fructose bisphosphate aldolase,,,,,,,,
XP_027265896.1,dickkopf-related protein 3 isoform X2 [Cricetulus griseus],FALSE,TRUE,FALSE,FALSE,FALSE,TRUE,3.85558626555742,35350.1296000001,-32.5301018480145,-55.9678248901413,23.4377230421268,-0.0880112661726054,-0.151422800842188,0.0634115346695826,6.5625,21,dickkopf-related protein 3 isoform x2,,,,dickkopf related protein 3 isoform x2,,,,,dickkopf related protein 3,,,,
XP_027258725.1,40S ribosomal protein S12 isoform X2 [Cricetulus griseus],FALSE,TRUE,FALSE,TRUE,TRUE,TRUE,7.40326808403592,14514.794,0.61195941420487,-21.9900471195457,22.6020065337506,0.0029970608142876,-0.107695881453122,0.11069294226741,5.3030303030303,7,40s ribosomal protein s12 isoform x2,,,,40s ribosomal protein s12 isoform x2,,,,,,40s ribosomal protein s12,,,
XP_027267262.1,peptidyl-prolyl cis-trans isomerase NIMA-interacting 1 isoform X2 [Cricetulus griseus],FALSE,TRUE,FALSE,TRUE,FALSE,TRUE,9.66186411982,18358.2018,3.87739559125956,-21.9879537520061,25.8653493432656,0.0162367911841108,-0.0920756743113832,0.108312465495494,1.21212121212121,2,peptidyl-prolyl cis-trans isomerase nima-interacting 1 isoform x2,,,,peptidyl prolyl cis trans isomerase nima interacting 1 isoform x2,,,,peptidyl prolyl cis trans isomerase,,peptidyl prolyl cis trans isomerase,,,
XP_027253429.1,glypican-1 isoform X2 [Cricetulus griseus],FALSE,TRUE,FALSE,TRUE,FALSE,TRUE,7.18611725609462,61489.3854000002,0.983479653626622,-69.9731098028529,70.9565894564795,0.0018396934595424,-0.130891444447744,0.132731137907286,3.40501792114695,19,glypican-1 isoform x2,,,,glypican 1 isoform x2,,,,,glypican 1,,,,
XP_027259796.1,85/88 kDa calcium-independent phospholipase A2 isoform X4 [Cricetulus griseus],FALSE,TRUE,FALSE,FALSE,FALSE,FALSE,7.23432561679329,83860.2741000004,2.392479323682,-83.9656090274611,86.3580883511431,0.0036390737825749,-0.127715647707049,0.131354721489624,2.12765957446808,16,85/88 kda calcium-independent phospholipase a2 isoform x4,,,,85/88 kda calcium independent phospholipase a2 isoform x4,,,,,,lipase,,,
XP_027250075.1,collagen alpha-1(VI) chain [Cricetulus griseus],FALSE,TRUE,FALSE,TRUE,FALSE,TRUE,4.78342203465808,109745.810300001,-21.4762786244158,-141.948256864685,120.47197824027,-0.0273032230045085,-0.180461660982161,0.153158437977653,1.93236714975845,20,collagen alpha-1(vi) chain,,,,collagen alpha 1(vi) chain,,,,,,collagen alpha ,,,
XP_027259446.1,protein disulfide-isomerase TMX3 isoform X5 [Cricetulus griseus],FALSE,TRUE,FALSE,TRUE,FALSE,TRUE,4.42110395834489,52123.7541000001,-17.8122893823622,-70.9821410666334,53.1698516842712,-0.0371999883204245,-0.14824230406071,0.111042315740285,1.30434782608696,6,protein disulfide-isomerase tmx3 isoform x5,,,,protein disulfide isomerase tmx3 isoform x5,protein disulfide isomerase,protein disulfide isomerase,,,,,,protein disulfide isomeras,
XP_027282494.1,LOW QUALITY PROTEIN: carboxypeptidase D isoform X2 [Cricetulus griseus],FALSE,TRUE,FALSE,TRUE,FALSE,TRUE,6.33734042797276,152461.9512,-18.7928732278779,-162.952454502919,144.159581275041,-0.0191895911271336,-0.166392383812561,0.147202792685427,1.30624092888244,18,low quality protein: carboxypeptidase d isoform x2,,,,low quality protein: carboxypeptidase d isoform x2,carboxypeptidase d,carboxypeptidase d,,,,carboxypeptidase,,,
NP_001233649.1,heat shock protein 105 kDa [Cricetulus griseus],FALSE,TRUE,FALSE,TRUE,FALSE,FALSE,4.98444648692446,96149.8839000004,-21.4115670222351,-138.925221764921,117.513654742686,-0.0297300835306295,-0.192898466669591,0.163168383138962,2.0979020979021,18,heat shock protein 105 kda,,,,heat shock protein 105 kda,,,heat shock protein,,,,,,
XP_027256943.1,ribonuclease T2 isoform X1 [Cricetulus griseus],FALSE,TRUE,FALSE,TRUE,FALSE,TRUE,6.71257174240997,29589.4658,-1.55561921256631,-31.9905555455081,30.4349363329418,-0.0047386947591653,-0.0974489622407026,0.0927102674815373,3.86100386100386,10,ribonuclease t2 isoform x1,,,,ribonuclease t2 isoform x1,,,,,ribonuclease t2,,,,
XP_027283961.1,peptidyl-prolyl cis-trans isomerase FKBP10 isoform X1 [Cricetulus griseus],FALSE,TRUE,FALSE,TRUE,FALSE,TRUE,5.28634030979758,64717.7525000001,-13.7188773149981,-76.9862464760051,63.267369161007,-0.0248017965511498,-0.139180282649449,0.114378486098299,1.54905335628227,9,peptidyl-prolyl cis-trans isomerase fkbp10 isoform x1,,,,peptidyl prolyl cis trans isomerase fkbp10 isoform x1,,,,peptidyl prolyl cis trans isomerase,,peptidyl prolyl cis trans isomerase,,,
XP_027267107.1,peptidyl-prolyl cis-trans isomerase B [Cricetulus griseus],FALSE,TRUE,FALSE,TRUE,FALSE,TRUE,10.1694914384577,23634.146,10.869761649183,-24.991536117068,35.8612977662511,0.0384627440186135,-0.0884327630472897,0.126895507065903,0.462962962962963,1,peptidyl-prolyl cis-trans isomerase b,,,,peptidyl prolyl cis trans isomerase b,,,,peptidyl prolyl cis trans isomerase,,peptidyl prolyl cis trans isomerase,,,
NP_001231051.1,calreticulin precursor [Cricetulus griseus],FALSE,TRUE,FALSE,TRUE,FALSE,TRUE,3.71181733322971,48242.0673000001,-54.3119257219301,-108.954764814345,54.6428390924153,-0.119433120945603,-0.239593927681654,0.12016080673605,0.719424460431655,3,calreticulin precursor,,,,calreticulin precursor,calreticulin,,,,,,,,
XP_027269992.1,heat shock protein beta-8 [Cricetulus griseus],FALSE,TRUE,FALSE,TRUE,FALSE,FALSE,4.47690839359581,21574.1093,-6.38388890889174,-26.9876442578237,20.603755348932,-0.0240054724308662,-0.101482209269472,0.0774767368386058,1.53061224489796,3,heat shock protein beta-8,,,,heat shock protein beta 8,,,heat shock protein,,,,,,
XP_027275742.1,elongation factor 1-alpha 2 [Cricetulus griseus],FALSE,TRUE,FALSE,FALSE,FALSE,TRUE,9.7500832053004,50511.6429000001,13.7106431089328,-53.9786519600172,67.6892950689499,0.0292399762992284,-0.115117466878478,0.144357443177707,1.29589632829374,6,elongation factor 1-alpha 2,,,,elongation factor 1 alpha 2,elongation factor 1 alpha,,,,,,,,
NP_001233689.1,serpin H1 precursor [Cricetulus griseus],FALSE,TRUE,FALSE,TRUE,FALSE,TRUE,9.39065346674317,46598.0835000001,8.76010697743623,-51.9793016968111,60.7394086742474,0.0197141274152809,-0.116976491183007,0.136690618598287,0.479616306954436,2,serpin h1 precursor,,,,serpin h1 precursor,,,,,,,,,serpin h1
XP_027259953.1,plectin isoform X6 [Cricetulus griseus],FALSE,FALSE,FALSE,TRUE,FALSE,FALSE,5.21048936149834,517321.486,-84.3941483561057,-780.52384905389,696.129700697784,-0.038163849708929,-0.352960429718851,0.314796580009922,0.704225352112676,32,plectin isoform x6,,,,plectin isoform x6,,,,,,,plectin,,
XP_027267547.1,amyloid-like protein 2 isoform X6 [Cricetulus griseus],FALSE,FALSE,FALSE,TRUE,FALSE,TRUE,4.20509787416212,87689.7313000004,-56.3540705816979,-141.925251162333,85.5711805806349,-0.0832031275817264,-0.209543421755291,0.126340294173564,2.44215938303342,19,amyloid-like protein 2 isoform x6,,,,amyloid like protein 2 isoform x6,,,,,amyloid like protein 2,,,,
XP_027288630.1,alpha-galactosidase A isoform X3 [Cricetulus griseus],FALSE,FALSE,FALSE,TRUE,FALSE,FALSE,4.34610856189271,47872.2576,-11.8700729103101,-49.995217433228,38.1251445229179,-0.0262368061735262,-0.11050604653486,0.0842692403613336,3.3175355450237,14,alpha-galactosidase a isoform x3,,,,alpha galactosidase a isoform x3,,,,,alpha galactosidase a,,,,
XP_027265076.1,serpin B6 isoform X1 [Cricetulus griseus],FALSE,FALSE,FALSE,TRUE,TRUE,TRUE,5.63188380108429,43083.2370000001,-5.32944171868701,-54.9740596259836,49.6446179072966,-0.0126373598668025,-0.130356425964213,0.117719066097411,2.11640211640212,8,serpin b6 isoform x1,,,,serpin b6 isoform x1,,,,,,serpin b6,,,
XP_027253469.1,septin-2 isoform X1 [Cricetulus griseus],FALSE,FALSE,FALSE,TRUE,FALSE,FALSE,6.61657514987448,41609.1422000001,-2.75433014215708,-56.9724866171444,54.2181564749873,-0.0066845217286344,-0.138267311858405,0.131582790129771,1.10803324099723,4,septin-2 isoform x1,,,,septin 2 isoform x1,,,,,,,,,septin 2
XP_027275671.1,proteasome subunit alpha type-7 isoform X2 [Cricetulus griseus],FALSE,FALSE,FALSE,TRUE,FALSE,TRUE,9.19043733304502,27854.5035,3.61400437782988,-37.9860833424393,41.6000877202692,0.0114614240119121,-0.120468754938521,0.131930178950433,1.20967741935484,3,proteasome subunit alpha type-7 isoform x2,,,,proteasome subunit alpha type 7 isoform x2,proteasome subunit alpha type 7,,,,,,,,proteasome subunit alpha type 7
XP_027284190.1,peptidyl-prolyl cis-trans isomerase FKBP4 isoform X2 [Cricetulus griseus],FALSE,FALSE,FALSE,TRUE,FALSE,TRUE,4.97704821349389,51531.6666000001,-11.7925879263849,-77.959839875697,66.1672519493121,-0.0248164611277108,-0.164059606582972,0.139243145455261,1.31004366812227,6,peptidyl-prolyl cis-trans isomerase fkbp4 isoform x2,,,,peptidyl prolyl cis trans isomerase fkbp4 isoform x2,,,,peptidyl prolyl cis trans isomerase,,peptidyl prolyl cis trans isomerase,,,
XP_027254912.1,peptidyl-prolyl cis-trans isomerase H isoform X2 [Cricetulus griseus],FALSE,FALSE,FALSE,TRUE,FALSE,FALSE,9.83333559328546,21106.1981,4.60865253611927,-17.994341892135,22.6029944282542,0.0175852067659916,-0.0686608982367745,0.0862461050027661,2.09424083769633,4,peptidyl-prolyl cis-trans isomerase h isoform x2,,,,peptidyl prolyl cis trans isomerase h isoform x2,,,,peptidyl prolyl cis trans isomerase,,peptidyl prolyl cis trans isomerase,,,
XP_027261702.1,group XV phospholipase A2 isoform X2 [Cricetulus griseus],FALSE,FALSE,FALSE,TRUE,FALSE,FALSE,6.54881808145535,47235.5623000001,-3.50943706517668,-46.9928051636604,43.4833680984837,-0.0078265720037914,-0.104801016927486,0.0969744449236949,1.45631067961165,6,group xv phospholipase a2 isoform x2,,,,group xv phospholipase a2 isoform x2,,,,,,lipase,,,
XP_027265128.1,phosphatidylinositol-glycan-specific phospholipase D [Cricetulus griseus],FALSE,FALSE,FALSE,TRUE,FALSE,FALSE,6.73574394408905,93604.6910000007,-3.84697756344576,-85.9920236845972,82.1450461211515,-0.0054379444100042,-0.12155512653465,0.116117182124645,1.18906064209275,10,phosphatidylinositol-glycan-specific phospholipase d,,,,phosphatidylinositol glycan specific phospholipase d,,,,,,lipase,,,
XP_027265895.1,dickkopf-related protein 3 isoform X1 [Cricetulus griseus],FALSE,FALSE,FALSE,TRUE,FALSE,FALSE,3.91728574262876,38385.3887000001,-33.2658356332773,-59.9649256959118,26.6990900626345,-0.0851924932254826,-0.153567810002801,0.0683753167773184,6.03448275862069,21,dickkopf-related protein 3 isoform x1,,,,dickkopf related protein 3 isoform x1,,,,,dickkopf related protein 3,,,,
XP_027265340.1,histone H2B type 1 [Cricetulus griseus],FALSE,FALSE,FALSE,TRUE,FALSE,FALSE,10.7914957821111,13905.9686,18.6033500070142,-10.9975986329327,29.600948639947,0.0937498353503469,-0.055421365544265,0.149171200894612,0,0,histone h2b type 1,,,,histone h2b type 1,histone h2b type 1 n,,,,,,,,histone h2b type 1 n
XP_027264803.1,ribonuclease inhibitor isoform X2 [Cricetulus griseus],FALSE,FALSE,FALSE,TRUE,FALSE,FALSE,4.16104743061091,50021.2884,-19.1052464527295,-60.9684600085878,41.8632135558583,-0.0410106117942185,-0.13087262974021,0.0898620179459917,7.23684210526316,33,ribonuclease inhibitor isoform x2,,,,ribonuclease inhibitor isoform x2,,,,,,ribonuclease inhibitor,,,
XP_027279826.1,"heat shock protein 75 kDa, mitochondrial [Cricetulus griseus]",FALSE,FALSE,FALSE,TRUE,FALSE,TRUE,7.52769535469058,80293.1153000003,3.03692180389485,-95.9610341581011,98.997955961996,0.0047551211930824,-0.150252912883723,0.155008034076806,0.708215297450425,5,"heat shock protein 75 kda, mitochondrial",,,,heat shock protein 75 kda mitochondrial,,,heat shock protein,,,,,,
XP_027288193.1,V-type proton ATPase subunit S1 isoform X2 [Cricetulus griseus],FALSE,FALSE,FALSE,TRUE,FALSE,FALSE,5.67726753751188,51606.8701000001,-8.0336727832948,-40.9931119722334,32.9594391889386,-0.0168897275752326,-0.0861825608719997,0.0692928332967671,0.431965442764579,2,v-type proton atpase subunit s1 isoform x2,,,,v type proton atpase subunit s1 isoform x2,,,v type proton atpase subunit s1,,,,,,
XP_027278164.1,catalase isoform X2 [Cricetulus griseus],FALSE,FALSE,FALSE,TRUE,FALSE,TRUE,7.90541192213512,55554.8511,5.06078947431754,-56.9905437734868,62.0513332478044,0.0101294018095062,-0.11406918231898,0.124198584128487,1.23456790123457,6,catalase isoform x2,,,,catalase isoform x2,catalase,,,,,,,,
XP_027280693.1,brain-specific serine protease 4 isoform X1 [Cricetulus griseus],FALSE,FALSE,FALSE,TRUE,FALSE,FALSE,7.64589858709838,40185.9195,1.66341349059812,-31.9877857293722,33.6511992199703,0.0041317223774294,-0.0794538765312912,0.0835855989087207,3.2520325203252,12,brain-specific serine protease 4 isoform x1,,,,brain specific serine protease 4 isoform x1,serine protease,serine protease,,,,,,,
XP_027244842.1,peptidyl-prolyl cis-trans isomerase FKBP5 [Cricetulus griseus],FALSE,FALSE,FALSE,TRUE,FALSE,FALSE,6.56637589300838,51026.6557000001,-1.58403627512449,-75.962561639447,74.3785253643225,-0.0033554227039771,-0.160909511972654,0.157554089268677,2.41228070175439,11,peptidyl-prolyl cis-trans isomerase fkbp5,,,,peptidyl prolyl cis trans isomerase fkbp5,,,,peptidyl prolyl cis trans isomerase,,peptidyl prolyl cis trans isomerase,,,
XP_027285515.1,peptidyl-prolyl cis-trans isomerase FKBP9 [Cricetulus griseus],FALSE,FALSE,FALSE,TRUE,FALSE,TRUE,4.41804463370155,63007.6798000001,-23.2389194445108,-76.981608775195,53.7426893306842,-0.0427694624448888,-0.141678791620216,0.098909329175327,1.40350877192982,8,peptidyl-prolyl cis-trans isomerase fkbp9,,,,peptidyl prolyl cis trans isomerase fkbp9,,,,peptidyl prolyl cis trans isomerase,,peptidyl prolyl cis trans isomerase,,,
XP_027284541.1,sepiapterin reductase isoform X2 [Cricetulus griseus],FALSE,FALSE,FALSE,TRUE,FALSE,FALSE,6.78838764943309,28253.2982,-0.386344916487618,-27.9892893452419,27.6029444287542,-0.0012136942270834,-0.087927749140134,0.0867140549130506,3.04182509505703,8,sepiapterin reductase isoform x2,,,,sepiapterin reductase isoform x2,,,,,,sepiapterin reductase,,,
XP_027270673.1,pyruvate kinase PKM isoform X1 [Cricetulus griseus],FALSE,FALSE,FALSE,TRUE,FALSE,TRUE,7.22320916115188,57977.2527000001,1.24600691718166,-67.9700237702984,69.21603068748,0.0024239791773085,-0.132228738081995,0.134652717259303,1.69491525423729,9,pyruvate kinase pkm isoform x1,,,,pyruvate kinase pkm isoform x1,pyruvate kinase,pyruvate kinase,,pyruvate kinase,,,,,
XP_027263463.1,lysosomal Pro-X carboxypeptidase isoform X2 [Cricetulus griseus],FALSE,FALSE,FALSE,TRUE,FALSE,FALSE,6.48376119988151,57289.6000000001,-3.77741938943905,-48.9954188899004,45.2179995004614,-0.0074072703896808,-0.0960767863340331,0.0886695159443523,2.16535433070866,11,lysosomal pro-x carboxypeptidase isoform x2,,,,lysosomal pro x carboxypeptidase isoform x2,,,,,,carboxypeptidase,,,
XP_027275966.1,LOW QUALITY PROTEIN: peptidyl-prolyl cis-trans isomerase D-like [Cricetulus griseus],FALSE,FALSE,FALSE,TRUE,FALSE,FALSE,6.90947005221936,40861.2737,-0.334125989269564,-52.9777260023625,52.643600013093,-0.0008207593593403,-0.130136433110354,0.129315673751013,2.16216216216216,8,low quality protein: peptidyl-prolyl cis-trans isomerase d-like,,,,low quality protein: peptidyl prolyl cis trans isomerase d like,,,,peptidyl prolyl cis trans isomerase,,peptidyl prolyl cis trans isomerase,,,
XP_027250245.1,peptidyl-prolyl cis-trans isomerase-like 1 isoform X2 [Cricetulus griseus],FALSE,FALSE,FALSE,TRUE,FALSE,FALSE,9.5300963382469,16138.2868,3.86723095796296,-14.9981883846027,18.8654193425656,0.0176471811220739,-0.0684406361562346,0.0860878172783085,1.36054421768707,2,peptidyl-prolyl cis-trans isomerase-like 1 isoform x2,,,,peptidyl prolyl cis trans isomerase like 1 isoform x2,,,,peptidyl prolyl cis trans isomerase,,peptidyl prolyl cis trans isomerase,,,
XP_027251268.1,glutathione S-transferase Mu 2 isoform X2 [Cricetulus griseus],FALSE,FALSE,FALSE,TRUE,FALSE,FALSE,6.78853412830356,25550.1509,-0.392140792443069,-32.9938003535677,32.6016595611247,-0.0013173258943566,-0.110836690282092,0.109519364387736,1.85185185185185,4,glutathione s-transferase mu 2 isoform x2,,,,glutathione s transferase mu 2 isoform x2,,glutathione s transferase,,,,glutathione s transferase,,,
XP_027288514.1,peroxiredoxin-4 isoform X6 [Cricetulus griseus],FALSE,FALSE,FALSE,TRUE,FALSE,FALSE,6.90778555717232,31473.4437,-0.33769050847737,-35.987881834144,35.6501913256666,-0.0009871948113016,-0.105205948418843,0.104218753607542,1.09090909090909,3,peroxiredoxin-4 isoform x6,,,,peroxiredoxin 4 isoform x6,,peroxiredoxin,,,,,,,
XP_027279882.1,60S ribosomal protein L23 [Cricetulus griseus],FALSE,FALSE,FALSE,TRUE,FALSE,FALSE,11.1601333001438,14865.2758,17.0803746599031,-9.99804691305423,27.0784215729573,0.0823307866175512,-0.0481925650567435,0.130523351674295,1.42857142857143,2,60s ribosomal protein l23,,,,60s ribosomal protein l23,,,,,,,,,60s ribosomal protein l23a
XP_027280121.1,nucleoside diphosphate kinase A isoform X1 [Cricetulus griseus],FALSE,FALSE,FALSE,TRUE,FALSE,FALSE,6.26939720658112,17194.5763,-1.387011200731,-21.9902726024111,20.6032614016801,-0.0060673516818389,-0.0961944051987601,0.0901270535169212,1.31578947368421,2,nucleoside diphosphate kinase a isoform x1,,,,nucleoside diphosphate kinase a isoform x1,,,,,,,,,nucleoside diphosphate kinase a
XP_027283783.1,granulins isoform X2 [Cricetulus griseus],FALSE,FALSE,FALSE,TRUE,TRUE,FALSE,6.49296688288251,63924.1501000002,-8.31220506204211,-55.9836058772459,47.6714008152038,-0.0151514126550308,-0.102046413464489,0.0868950008094579,14.8648648648649,88,granulins isoform x2,,,,granulins isoform x2,granulins,,,,,,,,
XP_027264258.1,"peroxiredoxin-5, mitochondrial [Cricetulus griseus]",FALSE,FALSE,FALSE,TRUE,FALSE,FALSE,10.2228005491913,22559.7578,6.35366750943352,-22.9863780575575,29.340045566991,0.0231907635873978,-0.0838998355629868,0.107090599150385,1.40845070422535,3,"peroxiredoxin-5, mitochondrial",,,,peroxiredoxin 5 mitochondrial,,peroxiredoxin,,,,,,,
XP_027282357.1,galectin-9 isoform X4 [Cricetulus griseus],FALSE,FALSE,FALSE,TRUE,FALSE,FALSE,9.55183968543912,34718.4435,7.75059964485208,-19.9950663931171,27.7456660379692,0.0212230921247204,-0.0547515231783237,0.0759746153030441,1.61290322580645,5,galectin-9 isoform x4,,,,galectin 9 isoform x4,,,,,,galectin,,,
XP_027285235.1,"serine protease HTRA2, mitochondrial [Cricetulus griseus]",FALSE,FALSE,FALSE,TRUE,FALSE,FALSE,10.0520321436611,47798.3534,8.40462657982696,-39.9845316741837,48.3891582540107,0.0185961618762024,-0.0884701796677053,0.107066341543908,0.223214285714286,1,"serine protease htra2, mitochondrial",,,,serine protease htra2 mitochondrial,serine protease,serine protease,,,,,,,
XP_027286888.1,suprabasin isoform X2 [Cricetulus griseus],FALSE,FALSE,FALSE,TRUE,FALSE,TRUE,7.45636039694935,57399.3170000001,6.32305157347709,-55.9629403658821,62.2859919393592,0.0123832819275882,-0.109599749423906,0.121983031351494,0.362976406533575,2,suprabasin isoform x2,,,,suprabasin isoform x2,,,,,,suprabasin,,,
XP_027260201.1,serine protease HTRA1 isoform X3 [Cricetulus griseus],FALSE,FALSE,FALSE,FALSE,FALSE,TRUE,9.18424717302568,50200.211,4.40882354426105,-55.9750282648055,60.3838518090666,0.0094413161763008,-0.119868244786827,0.129309560963128,3.41151385927505,16,serine protease htra1 isoform x3,,,,serine protease htra1 isoform x3,serine protease,serine protease,,serine protease htra1,,serine protease htra1,,,serine protease htra1
