desc_lower_2,Biophorum DTR,Biophorum high-risk,Levy 2014 - Association,Zhang 2016 - Pro A,Levy 2016 - Coelution,Molden 2021 - 29 DS,Falkenberg 2019 - 6 DS,Kreimer 2017 - 1 DS,Aboulaich 2014 - Association,perfect_match,contains_ubiquitin,contains_actin,accn,name,cq_a5,cq_b12,cq_d9,cq_g12,cq_eluate,xq_a5,xq_b12,xq_d9,xq_g12,xq_eluate,hq_a5,hq_b12,hq_d9,hq_g12,hq_eluate
actin alpha cardiac muscle 1,,,actin,,actin,,,,actin alpha cardiac muscle 1,TRUE,,TRUE,XP_027278064.1,"actin, alpha cardiac muscle 1 [Cricetulus griseus]",0,0,0,0,0,0,0,0,0,0,0,0,0,0,17.2904786570763
40s ribosomal protein s15a,,,,,,,,,40s ribosomal protein s15a,TRUE,,,XP_027265955.1,40S ribosomal protein S15a [Cricetulus griseus],0,0.247128194647465,0.492696750449925,0.230317799476593,2.55443946057242,0,0,0,0.0991827176445836,3.02504874193538,0,0,0,0,32.174439110077
40s ribosomal protein s21,,,,,,,,,40s ribosomal protein s21,TRUE,,,XP_027275692.1,40S ribosomal protein S21 [Cricetulus griseus],0,0,0.0176477423674522,0,0.440897644683072,0,0,0,0,0.412912582871593,0,0,0,0,1.04302174067776
40s ribosomal protein sa,40s ribosomal protein sa,,,,,,,,40s ribosomal protein sa,TRUE,,,NP_001230962.1,40S ribosomal protein SA [Cricetulus griseus],0,0.243321501288911,0.487543503551146,0.499868254255696,12.5018375090761,0,0,0,0.0735418432624127,15.7826714344013,0,0,0,0,60.5825680565913
aldose reductase related protein 2,,,,aldose reductase related protein 2,,,,,,TRUE,,,NP_001233680.1,aldose reductase-related protein 2 [Cricetulus griseus],0,0.26248759889591,0.558944878028314,0.35025421228668,1.9664159322508,0,0,0,0.249454414134008,6.01978773261225,0,0,0,0,50.1785770236342
alpha n acetylgalactosaminidase,,,,,alpha n acetylgalactosaminidase,,,,,TRUE,,,XP_027259923.1,alpha-N-acetylgalactosaminidase [Cricetulus griseus],0,0,0,0,0,0,0,0,0,0,0,0,0,0,6.73493037798497
annexin a1,,,,,,annexin a1,,,,TRUE,,,XP_027262348.1,annexin A1 [Cricetulus griseus],0,0,0,0,0.771788739626573,0,0,164.812861632541,0,0.563665528968588,0,0,0,0,2.02410229862825
atp synthase subunit beta mitochondrial,,,atp synthase subunit beta mitochondrial,,,,,,,TRUE,,,XP_027248528.1,"ATP synthase subunit beta, mitochondrial [Cricetulus griseus]",0,0,0,0,0,0,0,0,0,0,0,0,0,0,1.20442900272686
barrier to autointegration factor,,,,,,barrier to autointegration factor,,,,TRUE,,,XP_027264418.1,barrier-to-autointegration factor [Cricetulus griseus],0,0,0,0,0,0,0,0,0,0,0,0,0,0,0.817733669433509
cathepsin b,cathepsin b,cathepsin b,,,cathepsin b,cathepsin b,,,cathepsin b,TRUE,,,XP_027246161.1,cathepsin B [Cricetulus griseus],0,0,0,0,0,0,0,0,0,1.0300090119097,0,0,0,0,23.4620974216462
cathepsin d,cathepsin d,cathepsin d,cathepsin d,,cathepsin d,cathepsin d,,,,TRUE,,,XP_027264700.1,cathepsin D [Cricetulus griseus],0,0,0,0,0,0,0,0,0,0,0,0,0,0,7.74766687439639
cathepsin l1,cathepsin l,cathepsin l,,,,cathepsin l1,,,,TRUE,,,XP_027265420.1,cathepsin L1 [Cricetulus griseus],0,0,2.98366052169149,0,0,0,0,0,0,2.76812645007861,0,0,0,0,8.04647170909702
cathepsin z,cathepsin z,cathepsin z,,,,,,,,TRUE,,,XP_027275654.1,cathepsin Z [Cricetulus griseus],0,0.133591962899732,0.297095979028194,0.188920834680423,6.20825156984254,0,0,0,0.140303134924365,10.6281363211832,0,0,0,0,16.9962073247978
chondroitin sulfate proteoglycan 4,chondroitin sulfate proteoglycan 4,,,,chondroitin sulfate proteoglycan 4,,chondroitin sulfate proteoglycan 4,,,TRUE,,,XP_027270812.1,chondroitin sulfate proteoglycan 4 [Cricetulus griseus],0,0,0,0,0,0,0,0,0,0,0,0,0,0,8.70490044462473
clusterin,clusterin,clusterin,clusterin,clusterin,clusterin,clusterin,,clusterin,clusterin,TRUE,,,XP_027246103.1,clusterin [Cricetulus griseus],5.84590515664157,176.521404837382,323.093840573288,158.129978812381,5155.81583363952,0,0,0,106.14192618738,5422.06854990106,0,1.31957498616564,0,0.720577169097007,12930.6839897999
cofilin 1,cofilin 1,,,,,cofilin 1,,,cofilin 1,TRUE,,,XP_027264402.1,cofilin-1 [Cricetulus griseus],0,0.363471462980779,0.483647356406064,0,2.40868039769561,0,0,0,0,3.34234658547068,0,0.128898926812791,0,0,13.0399928155729
copper chaperone for superoxide dismutase,,,,,,copper chaperone for superoxide dismutase,,,,TRUE,,,XP_027264462.1,copper chaperone for superoxide dismutase [Cricetulus griseus],0,0,0,0,1.36869785201413,0,0,0,0,6.55332859214724,0,0,0,0,9.25488490470559
dihydropteridine reductase,,,,,,dihydropteridine reductase,,,,TRUE,,,XP_027242786.1,dihydropteridine reductase [Cricetulus griseus],0,0,0,0,0,0,0,0,0,0,0,0,0,0,3.12453413217576
elongation factor 1 alpha 1,elongation factor 1 alpha,,,elongation factor 1 alpha 1,,elongation factor 1 alpha 1,,,,TRUE,,,NP_001231331.1,elongation factor 1-alpha 1 [Cricetulus griseus],3.59939489605059,23.7946498518309,31.6370181268431,13.8881941377156,162.000557107072,1.21168112706512,1.11420770873416,2.14227220366786,10.2905297328396,250.919641584325,0.591117906175535,4.37156970726407,2.75114574132225,2.38191765767283,899.422706452884
elongation factor 2,elongation factor 2,,,elongation factor 2,,,,,elongation factor 2,TRUE,,,NP_001230968.1,elongation factor 2 [Cricetulus griseus],0,6.29336547215833,13.7209590762051,5.70621268252307,95.5511127556387,0,0,0,3.54404952642185,128.424322162773,0,0,0,0,709.327665432217
endoplasmin,endoplasmin,,,,,,endoplasmin,,,TRUE,,,XP_027248343.1,endoplasmin [Cricetulus griseus],0,2.19781448692032,3.38045896926233,1.66884577143487,138.030325494089,0,0,0,1.27199427999096,54.7323307959832,0,0,0,0,266.042943182306
eukaryotic translation initiation factor 2 subunit 1,,,,,,,,,eukaryotic translation initiation factor 2 subunit 1,TRUE,,,XP_027274154.1,eukaryotic translation initiation factor 2 subunit 1 [Cricetulus griseus],0.367836014332493,0.340983348902436,0.386312570988313,0.490792393123871,1.97774155805436,0,0,0.238618076161764,0.258256809260839,1.55570631892113,0,0,0,0,5.27055508930729
follistatin related protein 1,follistatin related protein 1,,,,follistatin related protein 1,follistatin related protein 1,,,,TRUE,,,XP_027268506.1,follistatin-related protein 1 [Cricetulus griseus],0,0.694226848342392,1.2796317393061,0.734725025781481,0,0,0,0,0.346756076301934,0,0,0,0,0,32.5711041766934
galectin 1,galectin 1,,,,,galectin 1,,,,TRUE,,,XP_027259772.1,galectin-1 [Cricetulus griseus],0.61229914148238,1.12011141198166,1.50285313576084,0.998525517211369,2.12545223202463,0,0.142415665077263,0.192139024299584,0.565448346034705,2.06762484655773,0,0.505897799685805,0.172569394302418,0.234511687454209,25.9292147040146
galectin 3,galectin 3 binding protein,,galectin 3 binding protein,,galectin 3 binding protein,galectin,,,galectin 3,TRUE,,,XP_027242349.1,galectin-3 [Cricetulus griseus],0,0,0,0,0,0,0,0,0,0,0,0,0,0,1.19093885919697
galectin 3 binding protein,galectin 3 binding protein,,galectin 3 binding protein,,galectin 3 binding protein,galectin,,,galectin 3,TRUE,,,XP_027281318.1,galectin-3-binding protein [Cricetulus griseus],0,0,0,0,0,0,0,0,0,0,0,0,0,0,2.34548299514107
glucosylceramidase,,,,,,glucosylceramidase,,,,TRUE,,,XP_027249021.1,glucosylceramidase [Cricetulus griseus],0,1.13827686698057,2.07181833187585,0.553615824552149,15.651960995427,0,0,0,0.835029222219773,29.0295037294915,0,0,0,0,235.474533960997
glutathione s transferase mu 6,,glutathione s transferase,,,,glutathione s transferase mu 6,,,,TRUE,,,XP_027251265.1,glutathione S-transferase Mu 6 [Cricetulus griseus],0,0,0.0522718546138516,0.0528951654089142,0,0,0,0,0,1.37927101344857,0,0,0,0,10.2370209897787
glutathione s transferase p 1,glutathione s transferase p 1,glutathione s transferase,,glutathione s transferase p,,glutathione s transferase p,,,glutathione s transferase p 1,TRUE,,,NP_001233673.1,glutathione S-transferase P 1 [Cricetulus griseus],0,0.283632353303724,0.507703190206799,0,0,0,0,0,0,2.59810136487286,0,0,0,0,15.4088944352755
glyceraldehyde 3 phosphate dehydrogenase,glyceraldehyde 3 phosphate dehydrogenase,,,,glyceraldehyde 3 phosphate dehydrogenase,,,,glyceraldehyde 3 phosphate dehydrogenase,TRUE,,,NP_001231783.1,glyceraldehyde-3-phosphate dehydrogenase [Cricetulus griseus],0,14.7686910392095,30.2915899945524,11.3650884587517,227.760597816073,0,0,0,7.27846271217784,356.240115506877,0,0,0,0,1054.89093387461
heat shock cognate 71 kda protein,heat shock cognate 71 kda protein,,,heat shock cognate 71 kda protein,,,,,heat shock cognate 71 kda protein,TRUE,,,NP_001233658.1,heat shock cognate 71 kDa protein [Cricetulus griseus],0,1.10680776829308,2.26917886756718,2.18858945790948,62.0577392860639,0,0,85.3468282573828,1.5432169208972,88.209699279847,0,0,0,0,217.303875622566
heat shock protein hsp 90 alpha,heat shock protein hsp 90 alpha,,heat shock protein,,,,,,,TRUE,,,NP_001233750.1,heat shock protein HSP 90-alpha [Cricetulus griseus],0,0.550884500344801,1.77849782606766,1.8555166676332,183.819451982016,0,0,0,0.707741473767944,58.4511726340951,0,0,0,0,427.53178997781
insulin,,,insulin,,,,,,,TRUE,,,XP_027265003.1,insulin [Cricetulus griseus],0,0.0887217281108635,0.179847922377904,0,0,0,0,0,0.0544646457190657,0.283094843604253,0,0,0,0,3.34450218737374
inter alpha trypsin inhibitor heavy chain h5 isoform x2,inter alpha trypsin inhibitor heavy chain h5 isoform x2,,,,inter alpha trypsin inhibitor heavy chain h5,inter alpha trypsin inhibitor heavy chain h5,,,,TRUE,,,XP_027260936.1,inter-alpha-trypsin inhibitor heavy chain H5 isoform X2 [Cricetulus griseus],0,0.109221081605553,0.219057588404833,0.727061916543947,18.0117273361323,0,0,0,0.267616775973058,19.3256744618904,0,0,0,0,45.6922887717482
l lactate dehydrogenase a chain,l lactate dehydrogenase a chain,,,,,,,,l lactate dehydrogenase a chain,TRUE,,,NP_001230979.1,L-lactate dehydrogenase A chain [Cricetulus griseus],0,0,0,0,1.96455782397065,0,0,0,0,2.51219919518981,0,0,0,0,9.1898282357365
laminin subunit beta 1 isoform x1,laminin subunit beta 1,,,,laminin subunit beta 1,,laminin subunit beta 1 isoform x1,,,TRUE,,,XP_027272775.1,laminin subunit beta-1 isoform X1 [Cricetulus griseus],0,0,0,0,7.12497235924761,0,0,0,0,8.44652848607726,0,0,0,0,50.5428062504922
lysosomal protective protein,lysosomal protective protein,,lysosomal protective protein,,,,,,,TRUE,,,XP_027279240.1,lysosomal protective protein [Cricetulus griseus],0,0,0,0,26.6072878363653,0,0,0,0,11.8780950272416,0,0,0,0,26.3625639757444
malate dehydrogenase cytoplasmic,malate dehydrogenase cytoplasmic,,,,,,,,,TRUE,,,XP_027243857.1,"malate dehydrogenase, cytoplasmic [Cricetulus griseus]",0,0,0.0438523346026284,0,2.28814926301121,0,0,0,0,2.41483120113731,0,0,0,0,23.7688244922469
metalloproteinase inhibitor 1,metalloproteinase inhibitor 1,,metalloproteinase inhibitor 1,,metalloproteinase inhibitor 1,metalloproteinase inhibitor 1,,,metalloproteinase inhibitor 1,TRUE,,,XP_027288083.1,metalloproteinase inhibitor 1 [Cricetulus griseus],0,0,0,0,0,0,0,0,0,0.644733092585961,0,0,0,0,6.29104055020164
nucleoside diphosphate kinase b,nucleoside diphosphate kinase b,,,,,,,,nucleoside diphosphate kinase b,TRUE,,,XP_027280118.1,nucleoside diphosphate kinase B [Cricetulus griseus],0,0,0.0947870318198335,0.0573654862498889,1.95237145126605,0,0,0,0,1.05907693576323,0,0,0,0,4.11126365893806
peroxiredoxin 1,peroxiredoxin 1,peroxiredoxin,,peroxiredoxin 1,,peroxiredoxin 1,peroxiredoxin 1,peroxiredoxin 1,peroxiredoxin 1,TRUE,,,NP_001233694.1,peroxiredoxin-1 [Cricetulus griseus],0.55247050321298,15.0990335121879,18.6891134374188,12.9158170474619,153.079609734757,0.964092474808315,0.165232507334193,0.590459077466362,9.00818889527166,389.173891051418,0.658791243156138,4.52409714970028,0.803865745834132,3.21308069472617,1129.08783956994
phosphoglycerate kinase 1,phosphoglycerate kinase,,,phosphoglycerate kinase 1,,phosphoglycerate kinase 1,,,,TRUE,,,NP_001233654.1,phosphoglycerate kinase 1 [Cricetulus griseus],0,0.514246071044797,1.25274223127545,1.14113298559224,64.4951827404121,0,0,0,0.59184597425907,64.7935326737313,0,0,0,0,415.361444238767
procollagen c endopeptidase enhancer 1,procollagen c endopeptidase enhancer,,,,procollagen c endopeptidase enhancer 1,procollagen c endopeptidase enhancer 1,,,,TRUE,,,XP_027272044.1,procollagen C-endopeptidase enhancer 1 [Cricetulus griseus],0,2.35027559381703,3.48803237836336,0.848378229252965,47.0697685389848,0,0,0,0.449000408668834,62.1548105778538,0,0,0,0,183.879571125474
protein s100 a10,,protein s100,,,,protein s100 a10,,,,TRUE,,,XP_027249198.1,protein S100-A10 [Cricetulus griseus],0,0,0,0,0,0,0,0,0,0,0,0,0,0,3.16447003559069
putative phospholipase b like 2,phospholipase b like 2,phospholipase b like 2,,,,phospholipase b like,,putative phospholipase b like 2,putative phospholipase b like 2,TRUE,,,XP_027269956.1,putative phospholipase B-like 2 [Cricetulus griseus],1.03110219928888,6.05676421049701,8.69597169556755,7.12054411200829,81.4533256909878,0,0,0,3.29630712911149,73.7027819799525,0,0.562201294438457,0,0,348.498077440192
stromal cell derived factor 2 like protein 1,,,,,,stromal cell derived factor 2 like protein 1,,,,TRUE,,,XP_027269013.1,stromal cell-derived factor 2-like protein 1 [Cricetulus griseus],0,0,0,0,57.6019786745639,0,0,0,0,14.72125005846,0,0,0,0,24.8309673238291
t complex protein 1 subunit alpha,,,,,,,,,t complex protein 1 subunit alpha,TRUE,,,NP_001233662.1,T-complex protein 1 subunit alpha [Cricetulus griseus],0,0.644718173479672,2.73714592538249,1.09308070733374,30.9083459545877,0,0,0,0.627886727931864,30.0500806545856,0,0,0,0,279.606647072251
t complex protein 1 subunit beta,,,,,,,,,t complex protein 1 subunit beta,TRUE,,,XP_027248157.1,T-complex protein 1 subunit beta [Cricetulus griseus],0,0.0677947702784797,2.71219178006334,0.186841654111403,17.564600022699,0,0,0,0,48.1942392124369,0,0,0,0,59.0317127152851
t complex protein 1 subunit delta,,,,,,,,,t complex protein 1 subunit delta,TRUE,,,XP_027243827.1,T-complex protein 1 subunit delta [Cricetulus griseus],0,0.1081050820419,0.467545864962094,0.683962316645366,39.5035043408699,0,0,0,0.985509155045175,48.5461304461914,0,0,0,0,231.319587362181
t complex protein 1 subunit gamma,,,,,,,,,t complex protein 1 subunit gamma,TRUE,,,XP_027248903.1,T-complex protein 1 subunit gamma [Cricetulus griseus],0,0.576777550180556,1.34360140297884,0.955498387850355,23.6813451071931,0,0,0,0.613001449191392,25.3497206982732,0,0,0,0,155.016672091103
t complex protein 1 subunit zeta,,,,,,,,,t complex protein 1 subunit zeta,TRUE,,,XP_027269616.1,T-complex protein 1 subunit zeta [Cricetulus griseus],0,0.0806252875435568,1.02931131234908,2.06310275670389,75.9669151642186,0,0,0,0.839115004871074,62.0018477453102,0,0,0,0,384.476800749439
tissue alpha l fucosidase,,,,,tissue alpha l fucosidase,,,,,TRUE,,,XP_027255508.1,tissue alpha-L-fucosidase [Cricetulus griseus],0,0.173650399736472,0.515387890706008,0.365876251096635,10.8532871329009,0,0,0,0.305508143627773,13.7951174568378,0,0,0,0,65.2429696072919
transgelin 2,transgelin 2,,,,,,,,,TRUE,,,XP_027274741.1,transgelin-2 [Cricetulus griseus],0,0,0,0,0.485423864211657,0,0,0,0,0.60409409979835,0,0,0,0,3.88909760186028
transketolase,transketolase,,,,,,,,,TRUE,,,XP_027245386.1,transketolase [Cricetulus griseus],0,0.646250230270516,1.03184216622517,1.22734072092383,54.2340478466337,0,0,0,0.789836450353277,70.06186765816,0,0,0,0,244.168366457498
tubulointerstitial nephritis antigen like,,,,,tubulointerstitial nephritis antigen like,,,,,TRUE,,,XP_027255228.1,tubulointerstitial nephritis antigen-like [Cricetulus griseus],0,0,2.31590870974666,0,18.5476764502979,0,0,0,0,11.7800766816902,0,0,0,0,100.897681677277
vimentin,vimentin,,vimentin,,,,,,vimentin,TRUE,,,XP_027261047.1,vimentin [Cricetulus griseus],0,0,0.372263371410867,0.262344142150847,16.6004645212325,0,0,0,0,5.16789385784506,0,0,0,0,25.3698623040043
vitamin k dependent protein s,,,,,,vitamin k dependent protein s,,,,TRUE,,,XP_027268236.1,vitamin K-dependent protein S [Cricetulus griseus],0,0,0.186149525533484,0,20.2257185257464,0,0,0,0,17.9589450880505,0,0,0,0,113.003325032246
e3 ubiquitin protein ligase huwe1 isoform x14,,,,,,ubiquitin,,ubiquitin,,,TRUE,,XP_027287939.1,E3 ubiquitin-protein ligase HUWE1 isoform X14 [Cricetulus griseus],0,0,0,0,0,0,0,0,0,6.11609723101428,0,0,0,0,72.8519217459714
e3 ubiquitin protein ligase nedd4 isoform x4,,,,,,ubiquitin,,ubiquitin,,,TRUE,,XP_027266985.1,E3 ubiquitin-protein ligase NEDD4 isoform X4 [Cricetulus griseus],0,0,0,0,0,0,0,0,0,0,0,0,0,0,4.65563226166223
e3 ubiquitin protein ligase ubr4 isoform x10,,,,,,ubiquitin,,ubiquitin,,,TRUE,,XP_027255666.1,E3 ubiquitin-protein ligase UBR4 isoform X10 [Cricetulus griseus],0,0,0,0,0,0,0,0,0,0,0,0,0,0,58.4473301054162
e3 ubiquitin/isg15 ligase trim25 isoform x3,,,,,,ubiquitin,,ubiquitin,,,TRUE,,XP_027282084.1,E3 ubiquitin/ISG15 ligase TRIM25 isoform X3 [Cricetulus griseus],0,0,0,0,0,0,0,0,0,2.78152493799375,0,0,0,0,6.44106780541358
low quality protein: (e3 independent) e2 ubiquitin conjugating enzyme isoform x3,,,,,,ubiquitin,,ubiquitin,,,TRUE,,XP_027281386.1,LOW QUALITY PROTEIN: (E3-independent) E2 ubiquitin-conjugating enzyme isoform X3 [Cricetulus griseus],0,0,0,0,0,0,0,0,0,0,0,0,0,0,5.79504372713443
low quality protein: ubiquitin conjugating enzyme e2 z isoform x2,,,,,,ubiquitin,,ubiquitin,,,TRUE,,XP_027280037.1,LOW QUALITY PROTEIN: ubiquitin-conjugating enzyme E2 Z isoform X2 [Cricetulus griseus],0,0,0,0,0,0,0,0,0,0,0,0,0,0,7.87263961662969
probable e3 ubiquitin protein ligase herc4 isoform x3,,,,,,ubiquitin,,ubiquitin,,,TRUE,,XP_027250838.1,probable E3 ubiquitin-protein ligase HERC4 isoform X3 [Cricetulus griseus],0,0,0,0,0,0,0,0,0,0,0,0,0,0,1.99944049972641
probable ubiquitin carboxyl terminal hydrolase faf x isoform x2,,,,,,ubiquitin,,ubiquitin,,,TRUE,,XP_027288948.1,probable ubiquitin carboxyl-terminal hydrolase FAF-X isoform X2 [Cricetulus griseus],0,0,17.2203662106459,0,0,0,0,0,0,0,0,0,0,0,49.5212025961149
ubiquitin associated and sh3 domain containing protein b isoform x4,,,,,,ubiquitin,,ubiquitin,,,TRUE,,XP_027267674.1,ubiquitin-associated and SH3 domain-containing protein B isoform X4 [Cricetulus griseus],0,0,0,0,0,0,0,0,0,1.26445869780391,0,0,0,0,10.4463187931854
ubiquitin carboxyl terminal hydrolase 14 isoform x4,,,,,,ubiquitin,,ubiquitin,,,TRUE,,XP_027259443.1,ubiquitin carboxyl-terminal hydrolase 14 isoform X4 [Cricetulus griseus],0,0,0,0,0,0,0,0,0,0,0,0,0,0,3.62896941908509
ubiquitin carboxyl terminal hydrolase 24 isoform x4,,,,,,ubiquitin,,ubiquitin,,,TRUE,,XP_027258143.1,ubiquitin carboxyl-terminal hydrolase 24 isoform X4 [Cricetulus griseus],0,0,0,0,0,0,0,0,0,0,0,0,0,0,16.5149351088233
ubiquitin carboxyl terminal hydrolase 5 isoform x2,,,,,,ubiquitin,,ubiquitin,,,TRUE,,XP_027284048.1,ubiquitin carboxyl-terminal hydrolase 5 isoform X2 [Cricetulus griseus],0,0,0.184338199117335,0.157139538540088,26.0521351215116,0,0,0,0,22.3857232127726,0,0,0,0,89.3675349853427
ubiquitin carboxyl terminal hydrolase isozyme l3 isoform x2,,,,,,ubiquitin,,ubiquitin,,,TRUE,,XP_027249796.1,ubiquitin carboxyl-terminal hydrolase isozyme L3 isoform X2 [Cricetulus griseus],0,0,0,0,1.72487319053098,0,0,0,0.0587946264831756,1.90121713496816,0,0,0,0,8.86518105784463
ubiquitin carboxyl terminal hydrolase isozyme l5 isoform x3,,,,,,ubiquitin,,ubiquitin,,,TRUE,,XP_027273227.1,ubiquitin carboxyl-terminal hydrolase isozyme L5 isoform X3 [Cricetulus griseus],0,0,0,0,0,0,0,0,0,0,0,0,0,0,10.6557435900174
ubiquitin conjugating enzyme e2 variant 1 isoform x2,,,,,,ubiquitin,,ubiquitin,,,TRUE,,XP_027279145.1,ubiquitin-conjugating enzyme E2 variant 1 isoform X2 [Cricetulus griseus],0,0.0215920372629767,0.0475221195568961,0.0272757105305965,0.144168636178749,0,0,0,0.0231467243321839,0.156829282280716,0,0,0,0,1.60251234415094
ubiquitin conjugating enzyme e2 variant 2 isoform x3,,,,,,ubiquitin,,ubiquitin,,,TRUE,,XP_027269238.1,ubiquitin-conjugating enzyme E2 variant 2 isoform X3 [Cricetulus griseus],0,0,0,0,0,0,0,0,0,0,0,0,0,0,1.52570931491455
ubiquitin like modifier activating enzyme 1,,,,,,ubiquitin,,ubiquitin,,,TRUE,,XP_027288075.1,ubiquitin-like modifier-activating enzyme 1 [Cricetulus griseus],0,0,0.319762651070686,0,24.3297463091424,0,0,0,0,13.5218265415605,0,0,0,0,102.900747445984
ubiquitin like modifier activating enzyme 5 isoform x5,,,,,,ubiquitin,,ubiquitin,,,TRUE,,XP_027270148.1,ubiquitin-like modifier-activating enzyme 5 isoform X5 [Cricetulus griseus],0,0,0,0,0,0,0,0,0,0,0,0,0,0,5.4607423084254
ubiquitin like modifier activating enzyme 6 isoform x6,,,,,,ubiquitin,,ubiquitin,,,TRUE,,XP_027246782.1,ubiquitin-like modifier-activating enzyme 6 isoform X6 [Cricetulus griseus],0,0,0,0,0,0,0,0,0,0.499429696485204,0,0,0,0,4.11632788691866
ubiquitin thioesterase otub1 isoform x2,,,,,,ubiquitin,,ubiquitin,,,TRUE,,XP_027264221.1,ubiquitin thioesterase OTUB1 isoform X2 [Cricetulus griseus],0,0,0,0,0,0,0,0,0,1.08670890607812,0,0,0,0,10.5979712702906
actin cytoplasmic 2 isoform x2,,,actin,,actin,,,,,,,TRUE,XP_027284381.1,"actin, cytoplasmic 2 isoform X2 [Cricetulus griseus]",0,0,0,0,0,0,0,0,0,0,0,0.254340122199855,0,0,0
actin related protein 2,,,actin,,actin,,,,,,,TRUE,XP_027243869.1,actin-related protein 2 [Cricetulus griseus],0,0,0,0,0,0,0,0,0,2.266079102906,0,0,0,0,19.3969978793915
actin related protein 2/3 complex subunit 1b,,,actin,,actin,,,,,,,TRUE,XP_027269422.1,actin-related protein 2/3 complex subunit 1B [Cricetulus griseus],0,0,0,0.0407893327896414,0,0,0,0,0,0,0,0,0,0,10.8696446862268
actin related protein 2/3 complex subunit 2,,,actin,,actin,,,,,,,TRUE,XP_027253000.1,actin-related protein 2/3 complex subunit 2 [Cricetulus griseus],0,0,0.0647775289977286,0,0,0,0,0,0,0,0,0,0,0,16.2132235436819
actin related protein 2/3 complex subunit 3,,,actin,,actin,,,,,,,TRUE,XP_027269854.1,actin-related protein 2/3 complex subunit 3 [Cricetulus griseus],0,0.116645079051682,0,0,0,0,0,0,0,2.12683433784821,0,0,0,0,24.6077072799618
actin related protein 2/3 complex subunit 4 isoform x5,,,actin,,actin,,,,,,,TRUE,XP_027284895.1,actin-related protein 2/3 complex subunit 4 isoform X5 [Cricetulus griseus],0,0,0.156536824012748,0.104956645260218,0.686437671387497,0,0,0,0,3.05100050165696,0,0,0,0,17.5582269815494
actin related protein 2/3 complex subunit 5 isoform x2,,,actin,,actin,,,,,,,TRUE,XP_027273179.1,actin-related protein 2/3 complex subunit 5 isoform X2 [Cricetulus griseus],0,0,0,0,1.18049982277324,0,0,0,0,1.10555644457257,0,0,0,0,3.28746294542091
actin related protein 3,,,actin,,actin,,,,,,,TRUE,XP_027273578.1,actin-related protein 3 [Cricetulus griseus],0,0,0,28.8919685472967,2.04187076233957,0,108.818883463815,89.4809393323608,0,4.01341095013331,0,0,0,0,25.5610252758946
alpha actinin 1 isoform x6,,,actin,,actin,,,,,,,TRUE,XP_027274198.1,alpha-actinin-1 isoform X6 [Cricetulus griseus],0,0,0,0,3.42797650637512,0,0,0,0,6.66468416016037,0,0,64.4170703244489,0,10.2057158208128
alpha centractin isoform x1,,,actin,,actin,,,,,,,TRUE,XP_027262933.1,alpha-centractin isoform X1 [Cricetulus griseus],0,0,0,0,0,0,0,0,0,0,0,0,0,0,1.9365036900016
f actin capping protein subunit alpha 2 isoform x2,,,actin,,actin,,,,,,,TRUE,XP_027245745.1,F-actin-capping protein subunit alpha-2 isoform X2 [Cricetulus griseus],0,0,0,0.114775133681012,2.52524147914095,0,0,0,0,3.60006394624539,0,0,0,0,11.1536290683091
f actin capping protein subunit beta isoform x16,,,actin,,actin,,,,,,,TRUE,XP_027255640.1,F-actin-capping protein subunit beta isoform X16 [Cricetulus griseus],0,0.0523902445770457,0.398957434419816,0.221095350727507,6.53846632638683,0,0,0,0.103269704654635,8.68861602206574,0,0,0,0,28.1629889315508
f actin monooxygenase mical1 isoform x2,,,actin,,actin,,,,,,,TRUE,XP_027258006.1,F-actin-monooxygenase MICAL1 isoform X2 [Cricetulus griseus],0,0,0,0,0,0,0,0,0,0,0,0,0,0,6.80748502714864
microtubule actin cross linking factor 1 isoform x11,,,actin,,actin,,,,,,,TRUE,XP_027255001.1,microtubule-actin cross-linking factor 1 isoform X11 [Cricetulus griseus],0,0,0,0,0,0,0,0,0,0,0,0,0,0,27.5959461461814
swi/snf related matrix associated actin dependent regulator of chromatin subfamily a member 5 isoform x2,,,actin,,actin,,,,,,,TRUE,XP_027260679.1,SWI/SNF-related matrix-associated actin-dependent regulator of chromatin subfamily A member 5 isoform X2 [Cricetulus griseus],0,0,0,0,0,0,0,0,0,0,0,0,0,0,9.61561666036022
14 3 3 protein epsilon isoform x2,,,,,,,,,14 3 3 protein epsilon,,,,XP_027282527.1,14-3-3 protein epsilon isoform X2 [Cricetulus griseus],0,0.0889298667479676,0.539143881286713,0.0993876352630434,0,0,0,0,0.0662107660554355,0.747344826032448,0,0,0,0,7.37632216930718
3 phosphoinositide dependent protein kinase 1 isoform x2,,,,,3 phosphoinositide dependent protein kinase 1,,,,,,,,XP_027280694.1,3-phosphoinositide-dependent protein kinase 1 isoform X2 [Cricetulus griseus],0,0,0,0,0,0,0,0,0,0,0,0,0,0,0.90936106734185
40s ribosomal protein s12 isoform x2,,,,,,40s ribosomal protein s12,,,,,,,XP_027258725.1,40S ribosomal protein S12 isoform X2 [Cricetulus griseus],0,0.03721948457061,0.0379789935908054,0.240890358023351,0.870281619853692,0,0,0,0.123503820257242,1.2218152054344,0,0,0,0,4.29226559248628
40s ribosomal protein s2,,,,,,40s ribosomal protein s28,,,40s ribosomal protein s20,,,,NP_001230972.1,40S ribosomal protein S2 [Cricetulus griseus],0,0,0.379680981746688,0,15.3038681605068,0,0,0,0,14.4065348062136,0,0,0,0,37.013553820558
40s ribosomal protein s20 isoform x2,,,,,,40s ribosomal protein s20,,,40s ribosomal protein s20,,,,XP_027254719.1,40S ribosomal protein S20 isoform X2 [Cricetulus griseus],0.137744083061028,0,0,0,2.49693853793195,0,0,0.0523456520685675,0,2.8283869737816,0,0,0,0,14.2585938411592
60 kda heat shock protein mitochondrial,,,heat shock protein,,,,,,,,,,XP_027252702.1,"60 kDa heat shock protein, mitochondrial [Cricetulus griseus]",0,0,0,0,12.2580456955102,0,0,0,0,9.54189735211442,0,0,0,0,16.4811468503541
60s acidic ribosomal protein p0 isoform x1,60s acidic ribosomal protein p0,,,,,,,,60s acidic ribosomal protein p0,,,,XP_027270017.1,60S acidic ribosomal protein P0 isoform X1 [Cricetulus griseus],0,0.257658297461158,0.516673893797915,0.475560735541709,2.33226597259274,0,0,0,0.189149633761021,4.87526754440539,0,0,0,0,49.8385517906346
60s acidic ribosomal protein p2 isoform x1,,,,,,,,,60s acidic ribosomal protein p2,,,,XP_027264737.1,60S acidic ribosomal protein P2 isoform X1 [Cricetulus griseus],0,0,0,0,1.663823013806,0,0,0,0,0.0296953507512024,0,0,0,0,3.76565124303495
60s ribosomal protein l12 isoform x2,,,,,,,,,60s ribosomal protein l12,,,,XP_027279575.1,60S ribosomal protein L12 isoform X2 [Cricetulus griseus],0,0.602646890273809,0.892174889347641,0.760126904980181,89.9275476629079,0,0,0,0.495667937712014,93.4996899801658,0,0,0,0,133.450926627506
60s ribosomal protein l23,,,,,,,,,60s ribosomal protein l23a,,,,XP_027279882.1,60S ribosomal protein L23 [Cricetulus griseus],0,0,0,0,0,0,0,0,0,0.19260465130032,0,0,0,0,1.27017640189024
acid ceramidase isoform x2,,,,,,acid ceramidase,,,,,,,XP_027246972.1,acid ceramidase isoform X2 [Cricetulus griseus],0,0,0.0948679700845414,0.102529443397118,0,0,0,0,0,0,0,0,0,0,16.4340461141143
activator of 90 kda heat shock protein atpase homolog 1 isoform x1,,,heat shock protein,,,,,,,,,,XP_027274423.1,activator of 90 kDa heat shock protein ATPase homolog 1 isoform X1 [Cricetulus griseus],0,0,0.0426683939673981,0,0,0,0,0,0,0,0,0,0,0,1.17888849304767
aldose reductase,,,,aldose reductase related protein 2,,,,,,,,,XP_027247220.1,aldose reductase [Cricetulus griseus],0,0.101919306113271,0.181552588026469,0.113616238073402,1.06728572593858,0,0,0,0,2.29304155664233,0,0,0,0,14.4564742801154
alpha enolase isoform x2,alpha enolase,alpha enolase,alpha enolase,,,,,,alpha enolase,,,,XP_027254100.1,alpha-enolase isoform X2 [Cricetulus griseus],0,3.5220836321918,5.13678284030337,3.3000497466014,32.473808274316,0,0,0,1.7373032911076,37.0553820020034,0,0,0,0,301.990220583756
alpha galactosidase a isoform x3,,,,,alpha galactosidase a,,,,,,,,XP_027288630.1,alpha-galactosidase A isoform X3 [Cricetulus griseus],0,0.206461943775346,0.313820151444751,0.226500526649981,0,0,0,0,0,7.30887749640984,0,0,0,0,15.847763425745
amyloid like protein 2 isoform x5,,,,,amyloid like protein 2,,,,,,,,XP_027267545.1,amyloid-like protein 2 isoform X5 [Cricetulus griseus],0,0,0,0,0,0,0,0,0,0,0,0,0,0,6.3864863069939
aspartyl aminopeptidase isoform x1,,,,,,,,,aspartyl aminopeptidase,,,,XP_027253096.1,aspartyl aminopeptidase isoform X1 [Cricetulus griseus],0,0,0,0,0,0,0,0,0,0,0,0,0,0,0.835208635364122
basement membrane specific heparan sulfate proteoglycan core protein isoform x2,,,,,basement membrane specific heparan sulfate proteoglycan core protein,,,,,,,,XP_027255561.1,basement membrane-specific heparan sulfate proteoglycan core protein isoform X2 [Cricetulus griseus],0,0,0,0,12.8629489792497,0,0,0,0,0,0,0,0,0,10.3951724434046
beta 2 microglobulin precursor,,,,,,beta 2 microglobulin,,,,,,,NP_001233603.1,beta-2-microglobulin precursor [Cricetulus griseus],0,0,0,0,0,0,0,0,0,0,0,0,0,0,0.551086412448063
brain specific serine protease 4 isoform x1,serine protease,serine protease,,,,,,,,,,,XP_027280693.1,brain-specific serine protease 4 isoform X1 [Cricetulus griseus],0,0,0,0,3.08592075476549,0,0,0,0,3.61779408117215,0,0,0,0,20.472076695749
c c motif chemokine 2,c c motif chemokine,,,,,c c motif chemokine,,,,,,,XP_027282301.1,C-C motif chemokine 2 [Cricetulus griseus],0.218170484480772,0.829291378590515,1.18095577716015,0.640804328744726,5.59605929843585,0,0,0.120359949516403,0.435638524464137,7.34891590860144,0,0,0,0,43.2346758775235
calcium/calmodulin dependent protein kinase type 1,calmodulin,,,,,,,,,,,,XP_027284882.1,calcium/calmodulin-dependent protein kinase type 1 [Cricetulus griseus],0,0,0,0,0,0,0,0,0,0,0,0,0,0,1.325186945166
calcium/calmodulin dependent protein kinase type ii subunit gamma isoform x32,calmodulin,,,,,,,,,,,,XP_027243332.1,calcium/calmodulin-dependent protein kinase type II subunit gamma isoform X32 [Cricetulus griseus],0,0,0,0,0,0,0,0,0,0,0,0,0,0,0.938530330051583
calreticulin precursor,calreticulin,,,,,,,,,,,,NP_001231051.1,calreticulin precursor [Cricetulus griseus],0,0,0,0.0694021824942037,2.12503185304261,0,0,0,0,1.16552435653821,0,0,0,0,8.80198656777962
calsyntenin 1 isoform x4,,,,,calsyntenin 1,,,,,,,,XP_027254079.1,calsyntenin-1 isoform X4 [Cricetulus griseus],0,0.254902768258404,0.349354179660186,0.379333705012689,163.134446357891,0,0,0,0,47.8909335672396,0,0,0,0,144.411665476968
collagen alpha 1(iii) chain isoform x3,,,,,,collagen alpha ,,,,,,,XP_027252619.1,collagen alpha-1(III) chain isoform X3 [Cricetulus griseus],0,0,0,3.16061458997867,0,0,0,0,0,32.3646222266867,0,0,0,0,0
collagen alpha 1(v) chain isoform x5,,,,,,collagen alpha ,,,,,,,XP_027278839.1,collagen alpha-1(V) chain isoform X5 [Cricetulus griseus],0,0,0,0,3.49161850628785,0,0,0,0,2.13906445175096,0,0,0,0,0
collagen alpha 1(vi) chain,,,,,,collagen alpha ,,,,,,,XP_027250075.1,collagen alpha-1(VI) chain [Cricetulus griseus],0,0,0,0,2.99528851260649,0,0,0,0,2.15778297736282,0,0,0,0,10.1358875154505
collagen alpha 1(xii) chain isoform x4,,,,,,collagen alpha ,,,,,,,XP_027266875.1,collagen alpha-1(XII) chain isoform X4 [Cricetulus griseus],0,0,0,0,0,0,0,0,0,0,0,0,0,0,7.84471000404862
collagen alpha 1(xvi) chain isoform x5,,,,,,collagen alpha ,,,,,,,XP_027255222.1,collagen alpha-1(XVI) chain isoform X5 [Cricetulus griseus],0,0,0.214666121138808,0,0,0,0,0,0,0,0,0,0,0,0
cullin associated nedd8 dissociated protein 1 isoform x2,,,,,,,,,cullin associated nedd8 dissociated protein 1,,,,XP_027248125.1,cullin-associated NEDD8-dissociated protein 1 isoform X2 [Cricetulus griseus],0,0.0352482829205243,1.44206706258756,0,0,0,0,0,0,6.53628791768589,0,0,0,0,49.8425322018403
dickkopf related protein 3 isoform x1,,,,,dickkopf related protein 3,,,,,,,,XP_027265895.1,dickkopf-related protein 3 isoform X1 [Cricetulus griseus],0,0,0,0,8.68056515781905,0,0,0,0,2.88918542628022,0,0,0,0,8.87966158051058
drebrin like protein isoform x2,,,,,,drebrin,,,,,,,XP_027244002.1,drebrin-like protein isoform X2 [Cricetulus griseus],0,0,0,0,0,0,0,66.0208891583916,0,0,0,0,0,348.463664101302,0
endoplasmic reticulum chaperone bip precursor,,,,,,endoplasmic reticulum chaperone bip,,,,,,,NP_001233668.1,endoplasmic reticulum chaperone BiP precursor [Cricetulus griseus],0,11.9401225228798,23.0200157800054,16.8166336933437,1219.56535847147,0,0,0,9.73986037077727,486.045223484441,0,0,0,0,1228.80711106856
eukaryotic translation initiation factor 6 isoform x2,,,,,,eukaryotic translation initiation factor 6,,,,,,,XP_027277166.1,eukaryotic translation initiation factor 6 isoform X2 [Cricetulus griseus],0,0.220493882083474,0.27225096952114,0.23291290829226,19.138979910062,0,0,0,0.196205357026491,16.3961257968668,0,0,0,0,39.6853362761018
flavin reductase (nadph) isoform x2,,,,,,flavin reductase,,,,,,,XP_027286240.1,flavin reductase (NADPH) isoform X2 [Cricetulus griseus],0,0.145700901097148,0.204754635095132,0.200683649517409,4.5561681057938,0,0,0,0.0783883394460723,5.29004885529651,0,0,0,0,14.0623226488929
fructose bisphosphate aldolase a isoform x2,fructose bisphosphate aldolase,,,,,,,,,,,,XP_027260430.1,fructose-bisphosphate aldolase A isoform X2 [Cricetulus griseus],0,0,0,0,0,0,0,0,0,1.28418596978314,0,0,0,0,6.30090055601755
galectin 9 isoform x4,,,,,,galectin,,,,,,,XP_027282357.1,galectin-9 isoform X4 [Cricetulus griseus],0,0,0,0,0.783762874649988,0,0,0,0,0.826798982221161,0,0,0,0,1.7049447956773
glutathione s transferase alpha 3,,glutathione s transferase,,,,glutathione s transferase,,,,,,,XP_027248597.1,glutathione S-transferase alpha-3 [Cricetulus griseus],0,0,0,0,0,0,0,0.572023739434863,0,0,0,0,0,0,0
glutathione s transferase mu 3,,glutathione s transferase,,,,glutathione s transferase,,,,,,,XP_027251264.1,glutathione S-transferase Mu 3 [Cricetulus griseus],0,0.247625710791544,0.48509877180429,0.361321285194218,1.99578653739257,0,0,0,0.173046743352457,2.32741496671107,0,0,0,0,18.4980058139497
glutathione s transferase p 2 isoform x2,,glutathione s transferase,,glutathione s transferase p,,glutathione s transferase p,,,,,,,XP_027264538.1,glutathione S-transferase P 2 isoform X2 [Cricetulus griseus],0,0,0,0,0,0,0,0,0,0,0,0,0,0,8.5463418366494
glutathione s transferase theta 2,,glutathione s transferase,,,,glutathione s transferase,,,,,,,XP_027250026.1,glutathione S-transferase theta-2 [Cricetulus griseus],0,0,0,0,0,0,0,0,0,0,0,0,0,0,24.8280654168263
glypican 1 isoform x2,,,,,glypican 1,,,,,,,,XP_027253429.1,glypican-1 isoform X2 [Cricetulus griseus],0,0,0,0,0,0,0,0,0,7.06037465647829,0,0,0,0,19.2565335742194
granulins isoform x1,granulins,,,,,,,,,,,,XP_027283782.1,granulins isoform X1 [Cricetulus griseus],0,0,0,0,1.22551327107061,0,0,0,0,0,0,0,0,0,25.9391742860266
group xv phospholipase a2 isoform x2,,,,,,lipase,,,,,,,XP_027261702.1,group XV phospholipase A2 isoform X2 [Cricetulus griseus],0,0,0,0,0,0,0,0,0,0,0,0,0,0,9.65578880369309
gtp binding nuclear protein ran isoform x2,gtp binding nuclear protein,,,,,,,,gtp binding nuclear protein ran,,,,XP_027269644.1,GTP-binding nuclear protein Ran isoform X2 [Cricetulus griseus],0,0.384626125484014,0.617487980611686,0,17.3288571780992,0,0,0,0.202155503162322,20.7671040009586,0,0,0,0,62.6661562272432
heat shock protein 105 kda,,,heat shock protein,,,,,,,,,,NP_001233649.1,heat shock protein 105 kDa [Cricetulus griseus],0,0,0,0,0,0,0,0,0,2.82766037058887,0,0,0,0,11.6780406952711
heat shock protein 75 kda mitochondrial,,,heat shock protein,,,,,,,,,,XP_027279826.1,"heat shock protein 75 kDa, mitochondrial [Cricetulus griseus]",0,0,0,0,28.6274418857405,0,0,0,0,17.5139459829687,0,0,0,0,374.394133393371
heat shock protein beta 1 isoform x2,,,heat shock protein,,,,,,,,,,XP_027271994.1,heat shock protein beta-1 isoform X2 [Cricetulus griseus],0,0.116623710692336,0.239894544143978,0.2065869540103,30.1149929821876,0,0,0,0.120038555371761,23.3144578478391,0,0,0,0,50.4031912773683
heat shock protein beta 8,,,heat shock protein,,,,,,,,,,XP_027269992.1,heat shock protein beta-8 [Cricetulus griseus],0,0,0,0,0.884160289375077,0,0,0,0,0.687742394320682,0,0,0,0,0.862132096914821
heat shock protein hsp 90 beta isoform x11,heat shock protein hsp 90 beta,,heat shock protein,,,,,,,,,,XP_027243210.1,heat shock protein HSP 90-beta isoform X11 [Cricetulus griseus],0,1.21597589681239,3.8912141095531,4.61673100325757,272.790434122036,0,0,0,2.01751192016241,154.249914071475,0,0,0,0,1015.55000319624
histone h2b type 1,histone h2b type 1 n,,,,,,,,histone h2b type 1 n,,,,XP_027249497.1,histone H2B type 1 [Cricetulus griseus],0,0,0,0,0,0,0,0,0,6.63924831401697,0,0,0,0,9.9202381390951
insulin degrading enzyme isoform x4,,,insulin,,,,,,,,,,XP_027262121.1,insulin-degrading enzyme isoform X4 [Cricetulus griseus],0,0,0.303464320127302,0,4.58269744732424,0,0,0,0,4.43861739848503,0,0,0,0,19.8569754208174
insulin like growth factor 2 mrna binding protein 2 isoform x8,,,insulin,,,,,,,,,,XP_027268807.1,insulin-like growth factor 2 mRNA-binding protein 2 isoform X8 [Cricetulus griseus],0,0,0,0,0,0,0,0,0,1.80204410541075,0,0,0,0,0
kazal type serine protease inhibitor domain containing protein 1 isoform x2,serine protease,serine protease,,,,,,,,,,,XP_027262994.1,kazal-type serine protease inhibitor domain-containing protein 1 isoform X2 [Cricetulus griseus],0,0,0,0,0,0,0,0,0,0,0,0,0,0,8.95633978588424
lactadherin isoform x5,lactadherin,,,,lactadherin,,,,lactadherin,,,,XP_027263985.1,lactadherin isoform X5 [Cricetulus griseus],0,0,0.18046826431864,0,4.97968282754328,0,0,0,0,5.77861726102952,0,0,0,0,21.9305974940417
latent transforming growth factor beta binding protein 1 isoform x12,,transforming growth factor,,,,,,,,,,,XP_027281878.1,latent-transforming growth factor beta-binding protein 1 isoform X12 [Cricetulus griseus],0,0,0,0,0,0,0,0,0,13.9231606721982,0,0,0,0,0
lipoprotein lipase isoform x2,lipoprotein lipase,lipoprotein lipase,lipoprotein lipase,,lipoprotein lipase,lipoprotein lipase,,,,,,,XP_027244682.1,lipoprotein lipase isoform X2 [Cricetulus griseus],0.465843942593981,16.1172159501202,27.01058430313,21.6364456510915,118.726044397802,0,0,0,10.3237321106792,135.279888936068,0,0,0,0,674.374057115584
low molecular weight phosphotyrosine protein phosphatase isoform x2,,,,,,,,,phosphotyrosine protein phosphatase,,,,XP_027280545.1,low molecular weight phosphotyrosine protein phosphatase isoform X2 [Cricetulus griseus],0,0,0,0,0,0,0,0,0,0,0,0,0,0,3.45010622074964
low quality protein: carboxypeptidase d isoform x2,carboxypeptidase d,carboxypeptidase d,,,,carboxypeptidase,,,,,,,XP_027282494.1,LOW QUALITY PROTEIN: carboxypeptidase D isoform X2 [Cricetulus griseus],0,0,0.619441312953877,0,18.6987920707403,0,0,0,0,23.6659380730185,0,0,0,0,94.7439238607995
lysosomal acid lipase/cholesteryl ester hydrolase,lysosomal acid lipase,lysosomal acid lipase,,,,lipase,,lysosomal acid lipase,,,,,XP_027262178.1,lysosomal acid lipase/cholesteryl ester hydrolase [Cricetulus griseus],0,1.38929180308002,2.4721707297935,1.90882141887242,36.0737144218176,0,0,0,1.16997656523907,44.6201735986675,0,0,0,0,197.428407562575
lysosomal pro x carboxypeptidase isoform x2,,,,,,carboxypeptidase,,,,,,,XP_027263463.1,lysosomal Pro-X carboxypeptidase isoform X2 [Cricetulus griseus],0,0,0,0,0.433401531505347,0,0,0,0,0.549960262837117,0,0,0,0,1.68832249095434
myosin 9 isoform x2,myosin 9,,,,,,,,,,,,XP_027259718.1,myosin-9 isoform X2 [Cricetulus griseus],0,0,0,0,13.2484883136036,0,0,0,0,21.4340337286034,0,0,0,0,117.82407946628
neuroblast differentiation associated protein ahnak isoform x23,,,,,,,neuroblast differentiation associated protein ahnak isoform x2,,,,,,XP_027264119.1,neuroblast differentiation-associated protein AHNAK isoform X23 [Cricetulus griseus],0,0,0,0,0,0,0,0,0,0,0,0,0,0,2.56109126283414
nidogen 1 isoform x3,nidogen 1,,nidogen 1,,nidogen 1,,,,nidogen 1,,,,XP_027265239.1,nidogen-1 isoform X3 [Cricetulus griseus],0,1.16804182759725,1.65730616804137,1.37681787259577,49.2139306236842,0,0,0,69.4403099302529,75.9757038282679,0,0,0,0,150.928848625442
nucleobindin 2 isoform x2,nucleobindin 2,,,,nucleobindin 2,,,,,,,,XP_027265953.1,nucleobindin-2 isoform X2 [Cricetulus griseus],0,0,0,0.158411382445877,18.6246809818436,0,0,0,0,7.0240868947892,0,0,0,0,28.3350080456969
nucleoside diphosphate kinase a isoform x1,,,,,,,,,nucleoside diphosphate kinase a,,,,XP_027280121.1,nucleoside diphosphate kinase A isoform X1 [Cricetulus griseus],0,0,0,0,0.595299331050488,0,0,0,0,0.490249082007207,0,0,0,0,2.28687124591465
peptidyl prolyl cis trans isomerase a isoform x2,peptidyl prolyl cis trans isomerase a,peptidyl prolyl cis trans isomerase a,,peptidyl prolyl cis trans isomerase,,peptidyl prolyl cis trans isomerase,,,peptidyl prolyl cis trans isomerase a,,,,XP_027243958.1,peptidyl-prolyl cis-trans isomerase A isoform X2 [Cricetulus griseus],0,0.0624164518419524,0.0773505189668481,0.0993989690470936,9.1187302925977,0,0,0,0.030307644248891,9.76702116766025,0,0,0,0,59.6291821034705
peptidyl prolyl cis trans isomerase b,,,,peptidyl prolyl cis trans isomerase,,peptidyl prolyl cis trans isomerase,,,,,,,XP_027267107.1,peptidyl-prolyl cis-trans isomerase B [Cricetulus griseus],0,0,0,0,2.53338967375551,0,0,0,0,2.72950374100253,0,0,0,0,7.10413065995624
peptidyl prolyl cis trans isomerase c isoform x2,,,,peptidyl prolyl cis trans isomerase,,peptidyl prolyl cis trans isomerase,,,,,,,XP_027256703.1,peptidyl-prolyl cis-trans isomerase C isoform X2 [Cricetulus griseus],0,0,0,0,0,0,0,0,0,0,0,0,0,0,0.153400786618307
peptidyl prolyl cis trans isomerase fkbp10 isoform x1,,,,peptidyl prolyl cis trans isomerase,,peptidyl prolyl cis trans isomerase,,,,,,,XP_027283961.1,peptidyl-prolyl cis-trans isomerase FKBP10 isoform X1 [Cricetulus griseus],0,0,0,0,1.29645809028578,0,0,0,0,1.29037793990823,0,0,0,0,31.9825461809452
peptidyl prolyl cis trans isomerase fkbp5,,,,peptidyl prolyl cis trans isomerase,,peptidyl prolyl cis trans isomerase,,,,,,,XP_027244842.1,peptidyl-prolyl cis-trans isomerase FKBP5 [Cricetulus griseus],0,0,0,0,0,0,0,0,0,0,0,0,0,0,3.83270414491653
peptidyl prolyl cis trans isomerase fkbp9,,,,peptidyl prolyl cis trans isomerase,,peptidyl prolyl cis trans isomerase,,,,,,,XP_027285515.1,peptidyl-prolyl cis-trans isomerase FKBP9 [Cricetulus griseus],0,0,0,0.0404915294152691,0,0,0,0,0,0,0,0,0,0,2.12998442603479
peptidyl prolyl cis trans isomerase h isoform x1,,,,peptidyl prolyl cis trans isomerase,,peptidyl prolyl cis trans isomerase,,,,,,,XP_027254911.1,peptidyl-prolyl cis-trans isomerase H isoform X1 [Cricetulus griseus],0,0.0131450170453828,0.0193716252795987,0,0,0,0,0,0,0.475028908329215,0,0,0,0,8.21429696004729
peptidyl prolyl cis trans isomerase like 1 isoform x2,,,,peptidyl prolyl cis trans isomerase,,peptidyl prolyl cis trans isomerase,,,,,,,XP_027250245.1,peptidyl-prolyl cis-trans isomerase-like 1 isoform X2 [Cricetulus griseus],0,0,0,0,0,0,0,0,0,0,0,0,0,0,2.9073260982882
peptidyl prolyl cis trans isomerase nima interacting 1 isoform x2,,,,peptidyl prolyl cis trans isomerase,,peptidyl prolyl cis trans isomerase,,,,,,,XP_027267262.1,peptidyl-prolyl cis-trans isomerase NIMA-interacting 1 isoform X2 [Cricetulus griseus],0,0,0,0,1.75510380231315,0,0,0,0,1.6227735765958,0,0,0,0,1.28271635690447
peroxiredoxin 2,,peroxiredoxin,,,,,,,,,,,NP_001233709.1,peroxiredoxin-2 [Cricetulus griseus],0.0650350142832464,0.686545786285042,0.61260554816332,0.791889294881625,29.3922891827017,0,0,0,0.741491561399083,30.7787144816777,0,0,0,0,156.915861616639
peroxiredoxin 4 isoform x5,,peroxiredoxin,,,,,,,,,,,XP_027288513.1,peroxiredoxin-4 isoform X5 [Cricetulus griseus],0,0,7.19564014898153,5.15439526756127,82.1344998050643,0,0,0,3.62233024865886,117.303341308652,0,0,0,0,547.174793795962
peroxiredoxin 5 mitochondrial,,peroxiredoxin,,,,,,,,,,,XP_027264258.1,"peroxiredoxin-5, mitochondrial [Cricetulus griseus]",0,0,0,0,0,0,0,0,0,0,0,0,0,0,0.902655432450008
peroxiredoxin 6 isoform x2,,peroxiredoxin,,,,,,,,,,,XP_027273039.1,peroxiredoxin-6 isoform X2 [Cricetulus griseus],336.657794719135,0,338.309082501926,85.8630008800228,1.20969176409636,0,0,259.11846756669,0,2.05102081682407,0,0,416.828290010071,0,17.8763601238571
phosphatidylinositol glycan specific phospholipase d,,,,,,lipase,,,,,,,XP_027265128.1,phosphatidylinositol-glycan-specific phospholipase D [Cricetulus griseus],0,0,0,0,0,0,0,0,0,0,0,0,0,0,13.8317193053207
phosphoglycerate mutase 1 isoform x2,phosphoglycerate mutase 1,,,,,,,,phosphoglycerate mutase 1,,,,XP_027263120.1,phosphoglycerate mutase 1 isoform X2 [Cricetulus griseus],0,0,0,0,5.41623889147653,0,0,0,0,7.22449375915429,0,0,0,0,25.5570941434195
phospholipase a 2 activating protein,,,,,,lipase,,,,,,,XP_027256217.1,phospholipase A-2-activating protein [Cricetulus griseus],0,0,0.132943056419941,0,0,0,0,0,0,4.54909269176526,0,0,0,0,40.1167239975354
phospholipid transfer protein isoform x1,phospholipid transfer protein,,,,,,,,,,,,XP_027279241.1,phospholipid transfer protein isoform X1 [Cricetulus griseus],0,6.05078139812873,13.6519708904123,20.670559524619,203.786912397463,0,0,0,12.543107258208,240.989380653866,0,0,0,0,2073.36098844338
plectin isoform x6,,,,,,,plectin,,,,,,XP_027259953.1,plectin isoform X6 [Cricetulus griseus],0,0,3.02216906428931,0,271.850844555087,0,0.283091090263705,0.110838056572292,0,164.868911535713,0,0,0,0,392.932661633046
procollagen c endopeptidase enhancer 2 isoform x2,procollagen c endopeptidase enhancer,,,,,,,,,,,,XP_027266732.1,procollagen C-endopeptidase enhancer 2 isoform X2 [Cricetulus griseus],0,0,0.0867498988121251,0.0455459532448358,0.287814795429259,0,0,0,0,0.299438024264267,0,0,0,0,15.5102167713598
procollagen lysine2 oxoglutarate 5 dioxygenase 1 isoform x3,,,,,procollagen lysine2 oxoglutarate 5 dioxygenase 1,,,,,,,,XP_027253977.1,"procollagen-lysine,2-oxoglutarate 5-dioxygenase 1 isoform X3 [Cricetulus griseus]",0,0,0.140550869533786,0,5.87808782670431,0,0,0,0.226969254554584,6.75482770744601,0,0,0,0,100.667955180986
proteasome subunit alpha type 7 isoform x2,proteasome subunit alpha type 7,,,,,,,,proteasome subunit alpha type 7,,,,XP_027275671.1,proteasome subunit alpha type-7 isoform X2 [Cricetulus griseus],0,0,0,0,0,0,0,0,0,0.866861097113759,0,0,0,0,6.61150538235004
protein disulfide isomerase a3 precursor,protein disulfide isomerase,protein disulfide isomerase,,,,,,protein disulfide isomeras,,,,,NP_001233703.1,protein disulfide-isomerase A3 precursor [Cricetulus griseus],0,0,0.0605616623411868,0.0631832999291935,8.15755978059869,0,0,0,0,25.0187949934582,0,0,0,0,41.9967760647581
protein disulfide isomerase a4,protein disulfide isomerase,protein disulfide isomerase,,,,,,protein disulfide isomeras,,,,,XP_027284320.1,protein disulfide-isomerase A4 [Cricetulus griseus],0,0,0,0,3.73363746105043,0,0,0,0,0.828359779640446,0,0,0,0,20.2267834708038
protein disulfide isomerase a6 isoform x2,protein disulfide isomerase,protein disulfide isomerase,,,,,,protein disulfide isomeras,protein disulfide isomerase a6,,,,XP_027280477.1,protein disulfide-isomerase A6 isoform X2 [Cricetulus griseus],0,0,0,0,2.81642125558047,0,0,0,0,1.22893148801148,0,0,0,0,18.3138757813235
protein disulfide isomerase precursor,protein disulfide isomerase,protein disulfide isomerase,,,,,,protein disulfide isomeras,,,,,NP_001233622.2,protein disulfide-isomerase precursor [Cricetulus griseus],0,0.596417885591009,0.807223846573955,0.783282869762295,10.3882355429504,0,0,0,0.173652269891035,18.1169569259206,0,0,0,0,68.8897058824938
protein disulfide isomerase tmx3 isoform x5,protein disulfide isomerase,protein disulfide isomerase,,,,,,protein disulfide isomeras,,,,,XP_027259446.1,protein disulfide-isomerase TMX3 isoform X5 [Cricetulus griseus],0,0,0,0,0,0,0,0,0,0,0,0,0,0,8.59264187519394
protein s100 a4,,protein s100,,,,,,,,,,,XP_027249183.1,protein S100-A4 [Cricetulus griseus],0,0,0,0,1.23780261601717,0,0,0,0,1.09031411035176,0,0,0,0,2.09999038533067
protein s100 a6 isoform x1,protein s100 a6,protein s100,,,,protein s100 a6,,,protein s100 a6,,,,XP_027249169.1,protein S100-A6 isoform X1 [Cricetulus griseus],0,0.331950334324275,0.531587731819902,0.0572974166477432,0.343556724948505,0,0,0,0,0.95635302483843,0,0,0,0,4.03307614258625
pyruvate kinase pkm isoform x1,pyruvate kinase,pyruvate kinase,,pyruvate kinase,,,,,,,,,XP_027270673.1,pyruvate kinase PKM isoform X1 [Cricetulus griseus],0,0,0,0,0,0,0,0,0,0,0,0,0,0,40.8089712975329
pyruvate kinase pkm isoform x2,pyruvate kinase,pyruvate kinase,,pyruvate kinase,,,,,,,,,XP_027270674.1,pyruvate kinase PKM isoform X2 [Cricetulus griseus],0,0.468391688148725,2.00207691806254,2.01975182362614,37.4666501586771,0,0,0,0.96467691637553,60.0634787202642,0,9.886614463632,0,0,297.742674379297
renin receptor isoform x5,,,renin receptor,,,,,,,,,,XP_027288991.1,renin receptor isoform X5 [Cricetulus griseus],0,0.128740811044841,0.203730129239408,0.322142135712526,12.9616268194698,0,0,0,0.214625979077602,6.92468519306168,0,0,0,0,73.3458640708834
retinoid inducible serine carboxypeptidase,,,,,,carboxypeptidase,,,,,,,XP_027282087.1,retinoid-inducible serine carboxypeptidase [Cricetulus griseus],0,2.9958056925811,5.73758867531564,2.85183235081879,49.714313988862,0,0,0,1.86565189023483,59.5175240713988,0,0,0,0,283.367770343671
ribonuclease inhibitor isoform x2,,,,,,ribonuclease inhibitor,,,,,,,XP_027264803.1,ribonuclease inhibitor isoform X2 [Cricetulus griseus],0,0,0,0,0,0,0,0,0,15.9750508023,0,0,0,0,0
ribonuclease t2 isoform x1,,,,,ribonuclease t2,,,,,,,,XP_027256943.1,ribonuclease T2 isoform X1 [Cricetulus griseus],0,0,0.179774932815456,0.156906707260848,1.58989893050503,0,0,0,0.0882623636431027,1.66299226502664,0,0,0,0,19.4807291275252
semaphorin 3c isoform x2,,,,,semaphorin 3c,,,,,,,,XP_027249274.1,semaphorin-3C isoform X2 [Cricetulus griseus],4.54181002848187,0,0,5.24172429897388,10.7667932248629,0,0.284481153824369,0.343983884621429,0,10.7074442459596,0,0,2.70416897031193,4.74689781647065,110.566630313792
sepiapterin reductase isoform x2,,,,,,sepiapterin reductase,,,,,,,XP_027284541.1,sepiapterin reductase isoform X2 [Cricetulus griseus],0,0,0,0,0.698820639775288,0,0,0,0,0.880215799204495,0,0,0,0,5.69961588536273
septin 2 isoform x1,,,,,,,,,septin 2,,,,XP_027253469.1,septin-2 isoform X1 [Cricetulus griseus],0,0,0,0,0,0,0,0,0,0.931792262024469,0,0,0,0,9.38542052631225
serine protease htra1 isoform x3,serine protease,serine protease,,serine protease htra1,,serine protease htra1,,,serine protease htra1,,,,XP_027260201.1,serine protease HTRA1 isoform X3 [Cricetulus griseus],2.35323022213741,39.2019896633871,71.2283507297189,51.4276449442034,429.108202487772,0.305041606876501,0.505935435356538,0.773356382137206,30.1847962350976,499.099243532354,0,1.44664872476616,1.46073185614658,1.36997955669942,6268.7710078491
serine protease htra2 mitochondrial,serine protease,serine protease,,,,,,,,,,,XP_027285235.1,"serine protease HTRA2, mitochondrial [Cricetulus griseus]",0,0,0,0,0,0,0,0,0,6.02402477554226,0,0,0,0,66.3455623166097
serpin b6 isoform x1,,,,,,serpin b6,,,,,,,XP_027265076.1,serpin B6 isoform X1 [Cricetulus griseus],0.0931175244921462,0.122822852390095,0.143933229315788,0,0,0,0,0,0,0,0,0,0.109598248089503,0,7.96898359876655
serpin h1 precursor,,,,,,,,,serpin h1,,,,NP_001233689.1,serpin H1 precursor [Cricetulus griseus],0,0,0,0,0,0,0,0,0,0,0,0,0,0,0.0795085058032068
sialate o acetylesterase isoform x2,sialate o acetylesterase,sialate o acetylesterase,,,,,,,,,,,XP_027267631.1,sialate O-acetylesterase isoform X2 [Cricetulus griseus],0,0,0,0,16.7655205750371,0,0,0,0,0,0,0,0,0,2.1732886533679
suprabasin isoform x1,,,,,,suprabasin,,,,,,,XP_027286887.1,suprabasin isoform X1 [Cricetulus griseus],0,0,0,0,5.59424404972643,0,0,0,0,2.36690727070369,0,0,0,0,12.4429357941439
t complex protein 1 subunit eta isoform x2,,,,,,,,,t complex protein 1 subunit eta,,,,XP_027284552.1,T-complex protein 1 subunit eta isoform X2 [Cricetulus griseus],0,0.182966160861321,1.28899340748163,1.04582392176581,64.9928146425818,0,0,0,0.353424961774487,22.5369722049064,0,0,0,0,147.302308603927
t complex protein 1 subunit theta isoform x2,,,,,,,,,t complex protein 1 subunit theta,,,,XP_027268152.1,T-complex protein 1 subunit theta isoform X2 [Cricetulus griseus],0,0.602236108907774,2.32513591813466,2.27792225777501,220.451245340163,0,0,0,1.14134857853442,83.7051661099563,0,0,0,0,218.306542175891
triosephosphate isomerase isoform x2,triosephosphate isomerase,,,,,,,,triosephosphate isomerase,,,,XP_027284060.1,triosephosphate isomerase isoform X2 [Cricetulus griseus],0,0.121091404660815,0.195460062855611,0.110344953558848,0,0,0,0,0,4.30072032218028,0,0,0,0,19.6411655294379
v type proton atpase subunit s1 isoform x2,,,v type proton atpase subunit s1,,,,,,,,,,XP_027288193.1,V-type proton ATPase subunit S1 isoform X2 [Cricetulus griseus],0,0,0,0,0,0,0,0,0,0,0,0,0,0,6.62928054216018
